tt0118141,Michael Blevis,Carlos Richardson,Lisa Fusco,Steven C. Stewart,Crispin Glover,John Insinna,Kelly Swiderski,Robin Adams,Adam Parfrey,Rikky Wittman
tt0121164,Johnny Depp,Helena Bonham Carter,Emily Watson,Tracey Ullman,Paul Whitehouse,Joanna Lumley,Albert Finney,Richard E. Grant,Christopher Lee,Michael Gough
tt0146272,Reiko Aylesworth,Arielle Barone,Robert Blacker,Élodie Bouchez,Oscar A. Colon,Didi Conn,Jim Czarnecki,Guillermo Diaz,Joseph DiGennaro,Neil Driscoll Jr.
tt0160706,Holt Boggs,Glen Vorhis,Matt Beckham,Diana Lee Inosanto,Mirelly Taylor,Lawrence Varnado,Marc Hébert,Marc Jeffreys,Jay Moses,Tery Corkran
tt0195551,Milton Welsh,Dirk Borchardt,Marc Buanga,Nicole Weißbrodt,Matthias Friedrich,Timo Semik,Jean Beauvoir,Anabelle Lachatte,Natascha Paulick,Konrad Haller
tt0196155,Derek Lebrero,David Jacob Blais,Marvin Hoenselaar,Bradford Eckhart,Misty Kueneman,Roger Shaide,Lisa Tower,Jo-Anne Carle,Antonio Chávez,Charles Cloghesy
tt0195565,Debbie Rochon,Russell LaDue,Robert Neill,Robert Nicotra,Antonia Goddess,Christopher Mako,Christine Fuchs,Shana Betz,Jerry Turchin,David Zhonzinsky
tt0204322,Karen Black,Mike Patton,Susan Traylor,Kathleen Wilhoite,Jak Kendall,Brooke Balderson,Paul Sizemore,Jane Wiedlin,George McArthur,Cathy Berry
tt0219171,Barry Pepper,Jacinda Barrett,Ian Hart,Claire Forlani,Alan Cumming,Tom Wilkinson,François Marthouret,Douglas Henshall,Willem Dafoe,Peter Serafinowicz
tt0234084,Soon-Tek Oh,Lorina Zapata,Daniel Riordan,Hilary Hesse,Angela Nicholas,Joseph Aguilar,Domingo Vara,Deanne Bray,Stephan Marlowe Robert,Jackie Torres
tt0240200,Lisa Ray,John Abraham,Seema Biswas,Sarala Kariyawasam,Buddhi Wickrama,Rinsly Weerarathne,Iranganie Serasinghe,Hermantha Gamage,Ronica Sajnani,Manorama
tt0242882,Alexandra Woodward,Neal McDonough,Katherine Kousi,Joe Flanigan,Jay Huguley,Tom Bliss,Thomas J. Colavito,Neil Colin,Tom Crowl,Harry Timateo Dalton
tt0251744,Jeremy Sisto,Chris Jaymes,Matt Keeslar,Judy Greer,Nicholle Tom,Eric Michael Cole,Monet Mazur,Pat Healy,Christine Lakin,Meadow Sisto
tt0263495,Mark Kiely,Patricia Heller,Bob Golub,Gregory Scott Cummins,Richard V. Licata,Andy Baum,James Thomas Gilbert,Jesse Gullion,Steve Gullion,Ken Olandt
tt0279121,Aaron Jackson,DJ Perry,Anthony Hornus,Curtis Hall,Dean Teaster,Bill Bishop,David Borowicz,Ann Marie Bourdon,Mary Jo Cuppone,Rick Dethlefsen
tt0279683,Michael A. Goorjian,James Keshishian Martin,Krikor Satamian,Robia Scott,Talia Shire,Edward Sarafian,Lisa Darr,Rana Fisher,Paunita Nichols,Hovsep Lalikian
tt0283354,Jean Pierre Reguerraz,Mirta Busnelli,Clément Sibony,Luciano Cáceres,Paola Machado,Dalila Real,Jorge Sesán,,,
tt0285175,Anne Hathaway,Bijou Phillips,Shiri Appleby,Michael Biehn,Joseph Gordon-Levitt,Matt O'Leary,Freddy Rodríguez,Laura San Giacomo,Mike Vogel,Raymond Cruz
tt0289275,Annie Little,Joe Duer,Adam Baratta,Seth Adam Jones,Hila Levy,Priscilla Inga Taylor,Thomas Alan Beckett,Tommy Perna,Cory Almeida,Heather Martin
tt0288484,Luciana Ramos,Luis Solanas,Santiago Magill,Vanessa Robbiano,Maura Cerpa,,,,,
tt0288569,Gastón Pauls,Pablo Ribba,César Albarracín,Víctor Hugo Carrizo,Virginia Innocenti,Juan Leyrado,Arturo Bonín,Jon Lucas,Mario Chaparro,Tony Lestingi
tt0294870,Taye Diggs,Wilson Jermaine Heredia,Rosario Dawson,Anthony Rapp,Adam Pascal,Jesse L. Martin,Idina Menzel,Tracie Thoms,Julia Roth,Porscha Radcliffe
tt0294806,Adam Echahly,Bruno Lastra,Moritz Bleibtreu,Rade Serbedzija,Vanessa Redgrave,Christopher Simpson,Marie Espinosa,Diane Baker,C. Thomas Howell,Kevin Anding
tt0295605,Victoria Foyt,Rob Morrow,Lee Grant,Mae Whitman,Bruce Davison,Jennifer Grant,Cynthia Sikes,Martha Gehman,Pamela Bellwood,Juliet Landau
tt0299135,Patrick Warburton,Marie Matiko,Simon Callow,Austin Pendleton,Jennifer Tilly,Kurt Fuller,Eric Roberts,Keith Diamond,Rick Mali,Constance Hsu
tt0302189,Alexandra Dinu,Mihai Calin,Razvan Oprea,Adina Andrei,Adina Petras,Vladescu Antoanela,Gabriela Bobes,Bogdan Dumitrescu,Elias Ferkin,Catalin Neamtu
tt0304356,Jack Gwaltney,Jennifer Bransford,John Enos III,Kellie Overbey,Jake Weber,Charlie Day,Michael Lobel,Dean McCann,Stuart Mercer,Greg Zola
tt0308028,Randee Heller,Richard McGregor,Dick O'Neill,Raphael Sbarge,Alyson Stoner,,,,,
tt0310022,Mirjana Jokovic,David Thornton,Tomas Arana,Richard Parent,Bobby Amore,Maximillian Flisi,Cory Scnaible,,,
tt0310243,Chris Gunn,Ice-T,John Heard,Barbara Christie,Lee Wilkof,Jimmy Gary Jr.,Brent Hankins,Robyn Myhr,Tina Caliendo,Samuel Bruce Campbell
tt0315431,Gabrielle Union,Billy Dee Williams,Zoe Saldana,Daniel Bess,Ever Carradine,David Clennon,Rae Dawn Chong,Melissa De Sousa,Hill Harper,Alec Newman
tt0315323,John Cassini,Carol Mansell,Frank Cassini,Barry Primus,Kevin Corrigan,Lara Lyon,Paul Taegel,Joey Diaz,Eileen T'Kaye,Jennifer Beals
tt0317132,AnnaSophia Robb,Jeff Daniels,Eva Marie Saint,Cicely Tyson,Dave Matthews,Courtney Jines,Nick Price,Luke Benward,Elle Fanning,Marca Price
tt0318765,Federico Luppi,Antonella Costa,Pablo Cedrón,Mariana Briski,Esteban Meloni,Ricardo Díaz Mourelle,Hernán Jiménez,Florencia Sierra,Félix Nieto,Adrián Fondari
tt0318761,Lou Taylor Pucci,Tilda Swinton,Vincent D'Onofrio,Keanu Reeves,Ted Beckman,Benjamin Bratt,Arvin V. Entena,Tyler Gannon,Kelli Garner,Allen Go
tt0319250,Ernesto D. Pasquini,Juan Aguilera,Adrián Airala,Virgilio Gigli,Luis Margani,José Luis Maronna,Ñoti Martínez,Tito Visentín,,
tt0320661,Orlando Bloom,Eva Green,Liam Neeson,Martin Hancock,Michael Sheen,Nathalie Cox,Eriq Ebouaney,Jouko Ahola,David Thewlis,Philip Glenister
tt0321463,Liam Norberg,Sofia Helin,Mats Helin,Reine Brynolfsson,Stina Ekblad,Ken Ring,Thorsten Flinck,Keve Hjelm,Valerio Amico,Leif Andrée
tt0322346,Boy Olmi,Pablo Ortolani,Marilina Ross,Silvia Montanari,Jorge Azurmendi,Fabio Aste,Patricia Palmer,Virginia Lago,Fabiana García Lago,Víctor Laplace
tt0321722,Marcelo Zanelli,Rosa Martínez Rivero,Marilyn Sánchez,Daniel Valdez,Audry Gutiérrez Alea,,,,,
tt0325191,Arsinée Khanjian,Setta Keshishian,Roula Said,Fadia Nadda,Jeff Seymour,Kathryn Winslow,Shawn Doyle,Aaron Abrams,Mary Lou Fallis,David Alpay
tt0325444,,,,,,,,,,
tt0326367,Julian Sands,Julianne Nicholson,Max Beesley,Mina Badie,Jennifer Lazea,Ashley Rose,,,,
tt0326905,Benjamin Bratt,Joseph Fiennes,James Franco,Robert Mammone,Max Martini,James Carpinello,Mark Consuelos,Craig McLachlan,Freddie Joe Farnsworth,Laird Macintosh
tt0328121,Lorraine Bracco,David Paymer,Emma Adele Galvin,David Krumholtz,Ross Babbit,Alexander Maldonado,Guillermo Diaz,Rosanna Arquette,Ralf Moeller,Tim Blake Nelson
tt0328503,Zulfi Sayed,Sonya Jehan,Kabir Bedi,Arbaaz Khan,Pooja Batra,Milind Gunaji,Vaquar Shaikh,Arbaaz Ali Khan,Negar Khan,Shahid Khan
tt0332047,Drew Barrymore,Jimmy Fallon,Jason Spevack,Jack Kehler,Scott Severance,Jessamy Finet,Maureen Keiller,Lenny Clarke,Ione Skye,KaDee Strickland
tt0336392,Sarita Choudhury,Germain Houde,Joost Siedhoff,Said Amel,Josep Maria Domènech,Pepa López,Pep Guinyol,Pep Sais,Pep Tosar,Mulie Jarju
tt0337122,Michael Phillip Edwards,Carl Bradshaw,Nadège August,Patrice Pitman Quinn,Ronald Goshop,David Roberson,Chance Smith,Patrice Clark,Isaac Michael Edwards,Niyah Edwards
tt0337678,Aleksandr Efimov,Kseniya Alfyorova,Valeriy Nikolaev,Michael Gor,Malcolm McDowell,Armand Assante,Rutger Hauer,Ivars Kalnins,Olga Yakovtseva,Anatoliy Zhuravlyov
tt0337646,Barbara Williams,Michael O'Keefe,Beth Broderick,Wendy Benson-Landes,Lackey Bevis,Patrick Bristow,Stan Cahill,Don Dowe,Robert Gossett,Aleks Lyons
tt0337610,Armand Assante,Sonny Marinelli,Raffaello Degruttola,Stanley Townsend,Clare Holman,Frankie Nasso,Jason Durran,Tony Schiena,Jeff Merchant,Ray Nicholas
tt0337656,Gil Bellows,Jennifer Westfeldt,Christian Kane,Kim Raver,Jamie Harrold,Elizabeth Peña,Stacy Keach,Gary Anthony Williams,Cynthia Martells,Dennis Burkley
tt0338294,Michael Rodrick,Debbie Rochon,Frank Olivier,Lloyd Kaufman,Bob Gosse,Michael Risley,James Burton,Mark Tchelistcheff,Rod Razor,Steve Olivieri
tt0337735,Joe McFadden,Kate Ashfield,Matthew Delamere,Christine Tremarco,Vas Blackwood,Karine Adrover,Karen Tomlin,Neve McIntosh,Christopher Simon,Troy Titus-Adams
tt0337573,Norman Reedus,Christian von Aster,André Hennicke,Waltraud Witte,Konstantin Graudus,Heinz Hoenig,Wotan Wilke Möhring,Ulrike Krumbiegel,Hauke Diekamp,Jürgen Schornagel
tt0339642,Johnny Knoxville,Elizabeth Banks,Beth Grant,Laura Cayouette,Thomas Jackson Burt,Ken Jackson,Sophie Traub,David Koechner,Matthew Sharp,James Parks
tt0338427,Steve Martin,Claire Danes,Jason Schwartzman,Bridgette Wilson-Sampras,Sam Bottoms,Frances Conroy,Rebecca Pidgeon,Samantha Shelton,Gina Doctor,Clyde Kusatsu
tt0339743,Julian Adams,Gwendolyn Edwards,Eric Holloway,Amy Redford,Tippi Hedren,Joshua Lindsey,Mickey Rooney,Weston Adams,Bob Dorian,Edwin McCain
tt0342272,Jamie Bell,Alison Pill,Chris Owen,Bill Pullman,Michael Angarano,Danso Gordon,Novella Nelson,Mark Webber,Trevor Cooper,Matthew Géczy
tt0342640,Jennifer Fontaine,Topher Straus,David E. Baker,Catfish Bates,J.J. Boone,Satie Gossett,Daniel Schweiger,Allison Thomas-Miller,Carla Toutz,
tt0342735,Bryce Dallas Howard,Isaach De Bankolé,Danny Glover,Willem Dafoe,Michaël Abiteboul,Lauren Bacall,Jean-Marc Barr,Geoffrey Bateman,Virgile Bramly,Ruben Brinkman
tt0340163,Bruce Willis,Kevin Pollak,Serena Scott Thomas,Jimmy Bennett,Michelle Horn,Ben Foster,Jonathan Tucker,Marshall Allman,Rumer Willis,Kim Coates
tt0342504,Steve Kratz,Martina Haag,Hans Wigren,Leif Lindh,Gustav Johansson,Kristina Österberg,Börje Anterot,Zoltan Bajkai,Hans Bendrik,Carl Bernström
tt0342258,Jet Li,Bob Hoskins,Morgan Freeman,Kerry Condon,Vincent Regan,Dylan Brown,Tamer Hassan,Michael Jenn,Phyllida Law,Carole Ann Wilson
tt0341569,Monty Lapica,Diane Venora,Michael Bowen,Greg Germann,Kristina Anapau,Matthew Carey,Shane Stuart,Richard Weisner,William Stanford Davis,Michael Mantell
tt0342823,Diane Gaidry,Marianne Heath,Brette McCabe,Mira Larkin,Cory DuVal,Bruce Marovich,David Fine,Anya Luchitskaia,Richard Ira 'Chaka' Jones,Terry Forgette
tt0342882,Amira Casar,Gottfried John,Assumpta Serna,César Sarachu,Ljubisa Grujcic,Marc Bischoff,Henning Peker,Gilles Gavois,Volker Zack,Thomas Schmieder
tt0343996,Andy Garcia,Inés Sastre,Bill Murray,Alfredo Armenteros,Danny Pino,Richard Marquez,Franklin Dominguez,William Marquez,Nestor Carbonell,Tomas Milian
tt0343221,Topi Majaniemi,Marjaana Maijala,Maria Lundqvist,Michael Nyqvist,Esko Salminen,Aino-Maija Tikkanen,Kari-Pekka Toivonen,Brasse Brännström,Penny Elvira Loftéen,Ia Langhammer
tt0345370,Finn Carter,Ernie Hudson,Joe Ricci,Jamil Walker Smith,Leslie Burns,Rif Hutton,Timilee Romolini,Kip Addotta,Ellen Albertini Dow,Haskell V. Anderson III
tt0346457,Aamir Khan,Rani Mukerji,Toby Stephens,Coral Beed,Ameesha Patel,Kirron Kher,Om Puri,Ben Nealon,Habib Tanvir,Varsha Usgaonkar
tt0347056,Victoria Abril,Bruno Putzulu,Hélène de Fougerolles,Artus de Penguern,Philippe Volter,Olivier Parenty,Valérie Bonneton,Patricia Ercole,Kepa Amuchastegui,Vicky Hernández
tt0347884,Catherine Kellner,Ebon Moss-Bachrach,James Urbaniak,Peter Appel,Neal A. Corl,Rebecca Harris,Jayne Houdyshell,Chris Messina,Jeffrey Ware,Martin Zentz
tt0348505,Natasha Richardson,Sean Harris,Marton Csokas,Ian McKellen,Hugh Bonneville,Gus Lewis,Joss Ackland,Wanda Ventham,Sarah Thurstan,Alwyne Taylor
tt0350261,Jennifer Lopez,Robert Redford,Morgan Freeman,Josh Lucas,Damian Lewis,Camryn Manheim,Becca Gardner,Lynda Boyd,Rob Hayter,P. Lynn Johnson
tt0350374,Carice van Houten,Dragan Bakema,Mohammed Chaara,Tamara Louw,Mercedes Lotero,Anna Sanchez Marques,Hector Porqueros,Maribel Moreno,Silvia Quedevo,Yolanda Carmone
tt0349878,Vinay Anand,Ila Arun,Pankaj Berry,Nicolas Chagrin,Nalini Chatterjee,Vikrant Chaturvedi,Pradeep Kumar Das,Abha Dhulia,Kelly Dorji,Divya Dutta
tt0352248,Russell Crowe,Renée Zellweger,Craig Bierko,Paul Giamatti,Paddy Considine,Bruce McGill,David Huband,Connor Price,Ariel Waller,Patrick Louis
tt0351885,Giuseppe Andrews,Keith Brunsmann,Eva Fisher,Demetrius Navarro,Elizabeth Bogush,Samy Langs,Luis Saguar,Mira Larkin,Nick Scoggin,Salim Cain
tt0353008,Reed Frerichs,Bruce Glover,John David Hartfield,Nicholas Guilak,Virtic Brown,Robert Pike Daniel,Tricia Donohue,Rufus Dorsey,Rebecca Husain,Paul McKinney
tt0354034,Amanda Hansen,Jakob Cedergren,Charlotte Munck,Anders Lund Madsen,Jens Okking,Elsebeth Steentoft,Mads Koudal,Lise Stegger,Kim Sønderholm,Nikolaj Gregersen
tt0355702,Heath Ledger,Emile Hirsch,Victor Rasuk,Johnny Knoxville,John Robinson,Rebecca De Mornay,William Mapother,Julio Oscar Mechoso,Nikki Reed,Vincent Laresca
tt0354595,Wes Bentley,Gerard Butler,Gavin Rossdale,Jay Rodan,Costas Mandylor,Louis Mandylor,Zachery Ty Bryan,Jimmy Jean-Louis,Richard Jenik,Nelson Vargas
tt0355563,Samuel Johnson,Colin Friels,Jessica Napier,Sacha Horler,Kestie Morassi,Brian Meegan,Paul Sonkkila,Sarah Pierse,Jason Gann,William Zappa
tt0357110,Daniel Day-Lewis,Catherine Keener,Camilla Belle,Ryan McDonald,Paul Dano,Jason Lee,Jena Malone,Beau Bridges,Susanna Thompson,
tt0357005,Lola Berthet,Javier van de Couter,Lucrecia Blanco,Guillermo Pfening,Paulina Rachid,,,,,
tt0356680,Dermot Mulroney,Sarah Jessica Parker,Claire Danes,Diane Keaton,Rachel McAdams,Craig T. Nelson,Luke Wilson,Tyrone Giordano,Brian White,Elizabeth Reaser
tt0357507,Barry Watson,Emily Deschanel,Lucy Lawless,Skye McCole Bartusiak,Tory Mussett,Andrew Glover,Charles Mesure,Philip Gordon,Aaron Murphy,Jennifer Rucker
tt0356747,Mauricio Dayub,Paula Siero,Carlos Resta,Gerardo Dayub,,,,,,
tt0358273,Joaquin Phoenix,Reese Witherspoon,Ginnifer Goodwin,Robert Patrick,Dallas Roberts,Dan John Miller,Larry Bagby,Shelby Lynne,Tyler Hilton,Waylon Payne
tt0359389,Kris Jamieson,Clem Weredail,Danny Bruno,Tony Lozito,,,,,,
tt0360016,Jon Abrahams,Amy Adams,Aaron Stanford,Roger Avary,Xander Berkeley,Ethan Embry,Adam Garcia,Lauren German,Colin Hanks,Melissa Sagemiller
tt0359984,Alicia Silverstone,Sienna Guillory,Joe Anderson,Leigh Lawson,Vaida Butyte,Jessica Suffield,Elizabeth Pliuchkina,Melanie Giliati,Dan Crawford,Griet van Damme
tt0361767,Mónica Galán,Edgardo Moreira,Augusto Brítez,Daniel MacIntyre,Lucila Delgado,Gladys Aristimuño,Aymará Rovera,Claudia Ferreyra,Silvana Giustincich,Rosario Flores
tt0361400,Brice McMillon,Maliek Ramsey,Tiffany Jaide Hightower,Mikeah Jennings,Mario D'Leon,Paras,Dave Knapp,Rick Wagner,Florence Mills,Rosanna Canonigo
tt0360717,Naomi Watts,Jack Black,Adrien Brody,Thomas Kretschmann,Colin Hanks,Andy Serkis,Evan Parke,Jamie Bell,Lobo Chan,John Sumner
tt0361693,Lisa Kudrow,Steve Coogan,Maggie Gyllenhaal,Jesse Bradford,Bobby Cannavale,Jason Ritter,Tom Arnold,David Sutcliffe,Sarah Clarke,Laura Dern
tt0362873,Graciela Borges,Rita Cortese,Carolina Fal,Evangelina Salazar,Silvia Süller,,,,,
tt0362718,Valeria Bertuccelli,Ingrid Rubio,Adrián Navarro,Nicolás Pauls,Milton De La Canal,Horacio Peña,Mónica Galán,Eusebio Poncela,Lidia Catalano,Duilio Orso
tt0361715,Alex Michaeletos,Campbell Scott,Hope Davis,Mary Makhatho,Nthabiseng Kenoshi,Jennifer Steyn,Nicky Rebelo,Garth Renecle,André Stolz,Charlotte Savage
tt0363472,Anil Kapoor,Akshay Kumar,Kareena Kapoor,Sushmita Sen,Shamita Shetty,Manoj Bajpayee,Supriya Pathak,Kabir Bedi,Nafisa Ali,Beneka
tt0363778,Sam B. Lorn,Bonna Tek,Tana Sarntinoranont,Charlee Chiv,Guenevere Rodriguez,Timothy S. Chhim,Charlie Murphy,Suzanna Chhim,Nirene DiNardo,Rojana Chhim
tt0363779,Victor Argo,Jordan Lage,Gordon Joseph Weiss,John Hoyt,Kristine Covillo,Kristina Sanchez,Lisa C. White,Travis Brandon Rosa,Gloria Irizarry,Gary Flynn
tt0363713,Jason Merrells,Denise Welch,Mairead Carty,Pamela Cundell,Andrew Dunn,Marcia Warren,William Ilkley,Pia Gabriele,Robert Duncan,Tony Barton
tt0363504,Marcus Thomas,Amy Smart,John Corbett,Sean Astin,Clare Higgins,Patty Duke,Allan Corduner,J.W. Crawford,Victor Morris,Brian Urspringer
tt0364556,Jeremy Renner,Gabrielle Union,David E. Allen,Blaine Gray,Michael Shamus Wiles,Lyndon Smith,Sally Kirkland,Randall Whittinghill,Rainbow Borden,Ethan Suplee
tt0364301,Michel Bouquet,Jalil Lespert,Philippe Fretun,Anne Cantineau,Sarah Grappin,Catherine Salviat,Jean-Claude Frissung,Philippe Le Mercier,Serge Kribus,Jean-Claude Bourbault
tt0364616,Dylan M. McKnight,Brandon Henschel,Miles O'Keeffe,Jack Conley,Chelsea Hobbs,Casey LaBow,Nathaniel Arcand,Michael Bailey Smith,Cooper Huckabee,Christian Boeving
tt0365117,Victoria Carreras,Daniel Kuzniecka,Facundo Ramírez,,,,,,,
tt0365885,Joan Allen,Kevin Costner,Erika Christensen,Evan Rachel Wood,Keri Russell,Alicia Witt,Mike Binder,Tom Harper,Dane Christensen,Danny Webb
tt0365479,Vera Fogwill,Lucía Snieg,Mirta Busnelli,Edda Díaz,Mía Maestro,Elsa Berenguer,Julián Krakov,Gastón Pauls,Pochi Ducasse,Anahí Martella
tt0365437,George Beneos,Martin Benes,Scott Benes,Bob Bodak,Stephanie Clineman,Pat Dewan,Bo Duarte,Stephanie Fiore,Brenda Freeman,Allison Cameron Gray
tt0365737,George Clooney,Matt Damon,Amanda Peet,Kayvan Novak,Amr Waked,Christopher Plummer,Jeffrey Wright,Chris Cooper,Robert Foxworth,Nicky Henson
tt0365847,Bing Shao,Jackie Chan,Weixing Yao,Jianzhong Zhang,Kim Hee-seon,Min-su Choi,Yang Jian,Gang Wu,Tony Ka Fai Leung,Maggie Lau
tt0365686,Jason Statham,Ray Liotta,André 3000,Vincent Pastore,Terence Maynard,Andrew Howard,Mark Strong,Francesca Annis,Anjela Lauren Smith,Elana Binysh
tt0366711,Heather Marie Marsden,Frank Zagarino,Lorenzo Lamas,Mark Mortimer,John Colton,Jennifer MacIsaac,Chad Restum,Dan Southworth,Ralph J. Ciaravino,Jesse Sharp
tt0367089,Owen Kline,Jeff Daniels,Laura Linney,Jesse Eisenberg,William Baldwin,David Benger,Anna Paquin,Molly Barton,Bo Berkman,Matthew Kaplan
tt0366627,Adrien Brody,Keira Knightley,Daniel Craig,Kris Kristofferson,Jennifer Jason Leigh,Kelly Lynch,Brad Renfro,Steven Mackintosh,Brendan Coyle,Mackenzie Phillips
tt0366544,Cristina Banegas,Daniel Fanego,Lucas Escariz,María Abadi,Silvia Baylé,Damián Ramonda,Julieta Zylberberg,Beatriz Spelzini,Lucrecia Capello,Carlos Durañona
tt0367082,Marcell Nagy,Béla Dóra,Bálint Péntek,Áron Dimény,Péter Fancsikai,Zsolt Dér,András M. Kecskés,Dániel Szabó,Tibor Mertz,Péter Vida
tt0368662,Edward Asner,Judge Reinhold,Ruby Handler,Dylan Patton,Betsy Zajko,Robin Christian,Cliff Ponder,Kumars Salehi,Sierra Peters,Kyle Tolliver
tt0367788,Hanno Koffler,Peter Kurth,Max Riemelt,Marie Rönnebeck,Patrick Güldenberg,Hilmar Eichhorn,Franz Nagel,Rayk Gaida,Wolfgang Kaiser,Lulu Grimm
tt0368709,Orlando Bloom,Kirsten Dunst,Susan Sarandon,Alec Baldwin,Bruce McGill,Judy Greer,Jessica Biel,Paul Schneider,Loudon Wainwright III,Gailard Sartain
tt0369048,Randall Batinkoff,Chris Henry Coffey,Carl T. Evans,Nicole Fonarow,Kristen Marie Holly,Michael Knowles,Susan Misner,Jack Crocicchia,Olivia Crocicchia,Mike Marino
tt0369053,Tom Wilkinson,Emily Watson,Hermione Norris,John Warnaby,Rupert Everett,Richenda Carey,Linda Bassett,Christine Lohr,Alice O'Connell,John Neville
tt0369258,Vlado Jovanovski,Adolfo Margiotta,Zvezda Angelovska,Branko Djuric,Antonella Troise,Jelisaveta 'Seka' Sablic,Toni Mihajlovski,Emil Ruben,Miodrag Krivokapic,Petre Arsovski
tt0371405,Corey Large,Jennifer O'Dell,Luke Flynn,Luke Kirby,Paul Johansson,Tom Lenk,Melissa Schuman,Alexandra Holden,Carly Pope,James Duval
tt0372799,Linda Artuso,Candice Azzara,Charisse Bellante,Mario Bosco,Tracey Brennan,Bern Cohen,Kelvin Davis,Vinny De Vingo,Jesus A. Del Rosario Jr.,Tony Devon
tt0371572,Omar Muñoz,Santiago Pasaglia,Eva Pont,Norberto Morán,Hugo Mesa,Esperanza De la Vega,Patrick Gordon,Charlotte Salt,Antonio Portillo,Pilar Soto
tt0371257,Ewan McGregor,Naomi Watts,Ryan Gosling,Kate Burton,Elizabeth Reaser,Bob Hoskins,Janeane Garofalo,BD Wong,John Tormey,José Ramón Rosario
tt0372122,Craig Chester,Malcolm Gets,Parker Posey,Chris Kattan,Cary Curran,Noah Segan,Sally Kirkland,Jackie Beat,Mario Diaz,Lisa Frederickson
tt0372346,Matt Farnsworth,Diane Foster,John Savage,Rosanna Arquette,Michael T. Weiss,David Backus,Amanda Tepe,William Wayne,Mickey Jones,John Tracy
tt0371853,Aníta Briem,Belén Blanco,Manu Fullola,Alistair Freeland,Cristina Piaget,Paulina Gálvez,Natalia Dicenta,Lola Marceli,Teté Delgado,Oriana Bonet
tt0372784,Christian Bale,Michael Caine,Ken Watanabe,Liam Neeson,Katie Holmes,Gary Oldman,Cillian Murphy,Tom Wilkinson,Rutger Hauer,Linus Roache
tt0371739,Justin Chambers,Robin Tunney,Rory Culkin,William Mapother,Brad William Henke,Rex Linn,Philip Baker Hall,Marty Lindsey,Brian Bloom,Shelby Alexis Irey
tt0371212,Jason Behr,Sarah Wynter,Dominic Monaghan,Joshua Leonard,Polly Draper,Ally Sheedy,Jay O. Sanders,Keith Perry,Gail Goldkamp Bagley,David Dinkins
tt0372942,Kyle Ingleman,Kate Clarke,Shyla Lefner,Linda Borini,Jill Campanella,Larry Dirk,Christopher John Fetherolf,Matt Godecker,Carlos Andres Gutierrez,Darbi Gwynn
tt0373450,Kevin Bacon,Colin Firth,Alison Lohman,David Hayman,Rachel Blanchard,Maury Chaykin,Sonja Bennett,Kristin Adams,Deborah Grover,Beau Starr
tt0373760,João Miguel,Peter Ketnath,Madalena Accioly,Jeane Alves,Veronica Cavalcanti,Jorge Clésio,Daniela Câmara,Lúcia do Acordeon,Jan Doblado,Mano Fialho
tt0373445,Luke Wilson,Eva Mendes,Seymour Cassel,Jacob Vargas,Owen Wilson,Harry Dean Stanton,Kris Kristofferson,Eddie Griffin,Will Ferrell,Angela Alvarado
tt0373416,Hugh Bonneville,Shawn Ashmore,Kelly Hu,Nick Cannon,Adrian Young,Art Bonilla,Bart McCarthy,Ian Gomez,Cheech Marin,Ryan Beil
tt0373747,Fernanda Montenegro,Fernanda Torres,Ruy Guerra,Seu Jorge,Stênio Garcia,Luiz Melodia,Enrique Diaz,Emiliano Queiroz,João Acaiabe,Camilla Facundes
tt0374089,Kuno Becker,Jason Scott Lee,Jay Hernandez,Doskhan Zholzhaksynov,Ayanat Ksenbai,Mark Dacascos,Ashir Chokubayev,Zhanas Iskakov,Almaikhan Kenzhebekova,Tungyshpai Zhamankulov
tt0374298,Egor Beroev,Olga Krasko,Marat Basharov,Vladimir Ilin,Dmitriy Pevtsov,Viktor Verzhbitskiy,Aleksandr Baluev,Aleksey Guskov,Gosha Kutsenko,Andrey Krasko
tt0375008,Arthur J. Nascarella,Christian Maelen,Jon Doscher,Frank Vincent,Vincent Pastore,Chuck Zito,Rick Aiello,Ace Frehley,Kelly Michaels,Nicholas Reiner
tt0376181,Harvey Keitel,Claire Forlani,Giancarlo Giannini,Joshua Jackson,John Rhys-Davies,Armando Pucci,Valeria Cavalli,Silvia De Santis,Bianca Guaccero,Ken Drury
tt0374826,Scott Thomas,Earl Poitier,Adrian Paul,Josh Smith,Sarah Clements,Chris Coppola,Trieste Kelly Dunn,Dale Girard,Joyce Mahaffey,Maceo Oliver
tt0376127,Vikram,Sada,Prakash Raj,Vivek,Nedumudi Venu,Nassar,Kalabhavan Mani,Cochin Hanifa,Saurabh Shukla,Charlie
tt0374923,Billoah Greene,Darien Sills-Evans,Novella Nelson,Adewale Akinnuoye-Agbaje,Tichina Arnold,Rosa Arredondo,Denise Burse,Eugene Callendar,Maya Days,Jane Fergus
tt0375210,Michael Keaton,Deborah Kara Unger,Ian McNeice,Chandra West,Sarah Strange,Nicholas Elia,Mike Dopud,Marsha Regis,Brad Sihvon,Mitchell Kosterman
tt0376196,Ray Liotta,Jolene Blalock,LL Cool J,Mekhi Phifer,Guy Torry,Taye Diggs,Chiwetel Ejiofor,Bruce McGill,Frank Schorpion,Donny Falsetti
tt0376105,Frankie Muniz,David Spade,Snoop Dogg,Bruce Greenwood,Hayden Panettiere,Caspar Poyck,Gary Bullock,Wendie Malick,M. Emmet Walsh,Thandi Puren
tt0375611,Amitabh Bachchan,Rani Mukerji,Shernaz Patel,Ayesha Kapur,Dhritiman Chatterjee,Sillo Mahava,Chippy Gangjee,Mahabanoo Mody-Kotwal,Salome,Kenneth Desai
tt0376543,John Malkovich,Jim Davidson,Richard E. Grant,Tom Allen,Scott Baker,Nick Barber,Angus Barnett,Lynda Baron,Linda Bassett,Marisa Berenson
tt0378565,Jake Muxworthy,Lauren German,Gabriel Mann,Tom Sizemore,Joel Michaely,Dylan Sprouse,Drew Osborne,Kelli Garner,Toni Wynne,Jazmin Daley
tt0376304,Junio Valverde,Silvia Abascal,Joan Dalmau,Nadia de Santiago,Miguel Ángel Silvestre,Natalia Abascal,Ana Wagener,Adolfo Fernández,Andrés Lima,Carmen Machi
tt0378715,Thomas Kretschmann,Julia Jentsch,Maria Schrader,Ulrich Mühe,Oliver Stokowski,Ina Weisse,Joachim Król,Martin Feifel,Susanne Lothar,Caroline Schreiber
tt0377043,Noah Wyle,Illeana Douglas,Kate Mara,Cloris Leachman,Joanne Whalley,Keith Carradine,Valerie Perrine,Jane Lynch,Michael Panes,Erika Luckett
tt0377070,Antonio Cupo,Bianca Guaccero,Caprice Bourret,Vinnie Jones,Brad Renfro,Conrad Coates,Ian Alden,Casper Van Dien,Scott A. McGillivray,Troy Skog
tt0377864,Emmanuel Xuereb,Charis Michelsen,Lee Holmes,Oz Perkins,Cindy Lou Adkins,Jenya Lano,David Starzyk,Jhonny Rox Hollywood,Jenn Fong,Junichi Suzuki
tt0377309,Billy Zane,Kelly Brook,Juan Pablo Di Pace,Todd Collins,Gabrielle Jourdan,Gary Brockette,Isabelle Constantini,Roy Rivera,Maria Victoria Di Pace,Summer Davis
tt0377107,Gwyneth Paltrow,Anthony Hopkins,Hope Davis,Jake Gyllenhaal,Danny McCarthy,Tobiasz Daszkiewicz,Gary Houston,Anne Wittman,Leigh Zimmerman,Colin Stinton
tt0377800,Sam Shepard,Jessica Lange,Tim Roth,James Roday Rodriguez,Jeffrey Vincent Parise,Majandra Delfino,Marieh Delfino,George Kennedy,Julia Sweeney,Tim Matheson
tt0378854,Dean Cochran,Todd Jensen,Nadia Konakchieva,Bashar Rahal,Hristo Shopov,Velizar Binev,Atanas Srebrev,Les Weldon,Alan J. Lam,Franklin A. Vallette
tt0379725,Philip Seymour Hoffman,Clifton Collins Jr.,Catherine Keener,Allie Mickelson,Kelci Stephenson,Craig Archibald,Bronwen Coleman,Kate Shindle,David Wilson Barnes,Michael J. Burg
tt0380817,Ed Harris,Zooey Deschanel,Will Ferrell,Darrell Larson,John Bedford Lloyd,Deirdre O'Connell,Mandy Siegfried,Amy Madigan,Dallas Roberts,Ivan Martin
tt0379341,Ethan Kennemer,Michael Phenicie,Tony Goldwyn,Shea Alexander,Manuel Centeno,John Nolan,Renee Joyce,David Sheehan,Sean Young,Liam Booth
tt0382053,Nathan Stevens,Cameron Richardson,Jorge Garcia,Jason Segel,James Ransone,Jason Dill,John William Simmons,Claire Titelman,Lenny Hirsh,Charlie Babcock
tt0380201,Joe Morton,Ja Rule,Norman Grant,Ving Rhames,Tia Carrere,Lahmard J. Tate,Peter Somech,Giancarlo Esposito,Badja Djola,Pam Grier
tt0379033,Joe W. Anthony,Corey Allen,Armin Shimerman,Danielle Taddei,Kim Stodel,Jarrett Galante,Kitty Swink,Camden Toy,Jim Lundstrom,Jeremy Bouvet
tt0379917,José Ignacio Marsiletti,Valentina Bassi,Roberto Carnaghi,Federico Esquerro,Martín Kohan,Simón Marsiletti,Nazarena Smit,,,
tt0380389,Kuno Becker,Alessandro Nivola,Anna Friel,Leonardo Guerra,Tony Plana,Miriam Colon,Jorge Cervera,Herman Chavez,Alfredo Rodríguez,Donald Li
tt0380834,Ludivine Sagnier,Nicolas Duvauchelle,Bruno Todeschini,Florence Loiret Caille,Estelle Vincent,Antoine de Prekel,Barbet Schroeder,Christian Crahay,Arnaud Churin,Alicène Allouache
tt0381361,Andie MacDowell,Samuel Le Bihan,Tim Roth,Margot Kidder,Mimi Kuzyk,Tyler Hynes,Amanda Tilson,Lila Bata-Walsh,Barry Flatman,Sean Tucker
tt0380635,Branislav Trifunovic,Marija Vickovic,Svetozar Cvetkovic,Darko Rundek,Dragana Mrkic,Lena Bogdanovic,Petar Bozovic,Marina Bukvicki,Varja Djukic,Dubravka Drakic
tt0381621,Rory Fleck Byrne,Ryan Hitchcock,Seán Hackett,John Doran,Laurent Murray,Brendan Corcoran,Trev Anderson,Annika Cassidy,Ross Costigan,Amy Dunne
tt0380599,Barney Clark,Ben Kingsley,Jeremy Swift,Ian McNeice,Richard Durden,Timothy Bateson,Andy de la Tour,Filip Hes,Andreas Papadopoulos,Laurie Athey
tt0381017,Ángela Castilla,Elena Climent,Joan Crosas,Jorge de Juan,Aida Folch,Silvia Guillem,Alejandro Jornet,Jaime Linares,Pablo Molinero,Fran Nortes
tt0381505,Evan Rachel Wood,Ron Livingston,James Woods,David Wagner,Brent Goldberg,Adi Schnall,Elisabeth Harnois,Stark Sands,Jane Krakowski,Michael Hitchcock
tt0382365,Jack Wouterse,Kürt Rogiers,Bracha van Doesburgh,Jaak Van Assche,Johnny de Mol,Cas Jansen,Peter Van den Begin,Ton Kas,Bert André,Cees Geel
tt0381690,Charlotte Rampling,Karen Young,Louise Portal,Ménothy Cesar,Lys Ambroise,Jackenson Pierre Olmo Diaz,Wilfried Paul,Anotte Saint Ford,Marie-Laurence Hérard,Michelet Cassis
tt0382077,Robert De Niro,Dakota Fanning,Famke Janssen,Elisabeth Shue,Amy Irving,Dylan Baker,Melissa Leo,Robert John Burke,Molly Grant Kallins,David Chandler
tt0382081,Edgardo Román,Dolores Heredia,Rolf Abderhalden,Santiago García,Alfonso Ortiz,Álvaro Rodríguez,Fabio Rubiano,Jhon Álex Toro,Orlando Valenzuela,Diego Vélez
tt0382073,Elizabeth Banks,Glenn Close,James Marsden,Chandler Williams,Bess Wohl,Jesse Bradford,Daniel Neiden,Thomas Lennon,Matthew Davis,John Light
tt0381667,Aurélien Recoing,Samuel Labarthe,Claire Nebout,Philippine Leroy-Beaulieu,Hippolyte Girardot,Laurence Côte,Clotilde de Bayser,Delphine Rollin,Steve Suissa,Erwan Demaure
tt0382271,Flora Martínez,Unax Ugalde,Manolo Cardona,Rodrigo Oviedo,Alonso Arias,Alejandra Borrero,Alex Cox,Helios Fernández,Enrique Sarasola,María Teresa Gómez
tt0382382,Dougray Scott,Jimi Mistry,Emilia Fox,Shaun Parkes,Billie Piper,Bruce Mackinnon,Roger Morlidge,Danny Nussbaum,George Innes,George Irving
tt0382806,Mary Kostakidis,Justine Clarke,Daniela Farinacci,Robbie Hoad,William McInnes,Leon Teague,Andrew S. Gilbert,Anthony Hayes,Elena Carapetis,Tamara Lee
tt0382877,Nataliya Seliverstova,Dmitriy Pavlenko,Marco Bonini,Ferenc Kállai,Eszter Balla,Zsolt László,Ildikó Tóth,Csaba Pindroch,Nikolett Foshu,Tamara Zsigmond
tt0382628,Jennifer Connelly,Ariel Gade,John C. Reilly,Tim Roth,Dougray Scott,Pete Postlethwaite,Camryn Manheim,Perla Haney-Jardine,Debra Monk,Linda Emond
tt0382810,Cate Blanchett,Sam Neill,Hugo Weaving,Martin Henderson,Noni Hazlehurst,Dustin Nguyen,Joel Tobeck,Lisa McCune,Susie Porter,Nina Liu
tt0382627,Zsolt Bogdán,Dorka Gryllus,Oszkár Nyári,Miklós Székely B.,Radu Amzulescu,Bence Mányoki,Kálmán Hollai,Julianna Kovacs,Ioan Batinas,Casparov Bucuresteanu
tt0382717,Eion Bailey,Ellen Pompeo,Clifton Collins Jr.,John Ales,Gabriel Olds,Kristin Bauer,Pamela Reed,David Clennon,John Ross Bowie,Rosalind Chao
tt0382572,Armin Rohde,Uwe Ochsenknecht,Imogen Kogge,Arne Lenk,Josef Heynert,Julia Schmidt,Sandra Borgmann,Nand Buyl,Stefan Rudolf,Dieter Brandecker
tt0383041,Moritz Bleibtreu,Alexandra Maria Lara,Uwe Ochsenknecht,Anke Engelke,Heino Ferch,Justus von Dohnányi,Marily Milia,Richard Beek,Christoph Maria Herbst,Harald Schmidt
tt0383648,John Leguizamo,Ana Claudia Talancón,Elizabeth Peña,Nestor Serrano,José María Yazpik,Jsu Garcia,Rafael Simón,Rick Simon,Alejandro Patiño,Omar Ruvalcaba-Rosas
tt0384286,Julian Morris,Lindy Booth,Jared Padalecki,Erica Yates,Jane Beard,Gary Cole,Jesse Janzen,Paul James,Sandra McCoy,Ethan Cohn
tt0383274,Deprise Brescia,Rebecca Calhoun,Wendy Carter,Jennifer Christopher,Anne Dudek,Nicole Elane Andris,Tess Hunt,Jeffrey Johnson,Matt Kaye,Sonya Joy Sims
tt0385002,Elijah Wood,Charlie Hunnam,Claire Forlani,Marc Warren,Leo Gregory,Geoff Bell,Kieran Bew,Henry Goodman,Christopher Hehir,Terence Jay
tt0383066,Aymann Abuloff,Tamara Acosta,Alejandro Goic,Francisca Merino,Ahmad Abu Sal'oum,Hussam Abu Eisheh,Samer Abu Eisheh,Nicola Zreineh,,
tt0384699,Danny Glover,Ron Perlman,Linda Hamilton,Zoe Weizenbaum,David Strathairn,Timothy Webber,Gabrielle Rose,Frank C. Turner,Jesse Moss,Ty Olsson
tt0384686,Ralph Fiennes,Natasha Richardson,Vanessa Redgrave,Lynn Redgrave,Madeleine Potter,Madeleine Daly,John Wood,Allan Corduner,Timur Engalychev,Lucy Sutton
tt0385006,Elizabeth Peña,America Ferrera,Lucy Gallardo,Jorge Cervera Jr.,Rick Najera,Leo Minaya,Steven Bauer,Eliana Alexander,Roman Arabia,David Barrera
tt0384847,Aidan Gillen,Renee Weldon,Gerard Mannix Flynn,Declan Conlon,Eamon Morrissey,Susan Fitzgerald,Sinéad Keenan,Darragh Kelly,Irina Björklund,Tom Sullivan
tt0383965,Pape Sidy Niang,Allan Armstrong,Eric Breedlove,Ingrid Sanai Buron,Zack Carlson,Heidi Darchuk,Gray Eubank,Sarah Harlett,Jake Hart,Dennis Kleinsmith
tt0385106,Dolores Fonzi,Juan De Benedictis,Isabel Achaval,Pablo Rago,Pascual Condito,Marilda Benítez,Sergio Baldini,Ramiro Agüero,María Marull,
tt0384573,Tara Devon Gallagher,Sarah Paulson,Robert Knott,Cherry Jones,Shawn Hatosy,Michael Mosley,Jane Beard,Terry Alston,Sarah Stusek,Charles H. Clyburn
tt0383518,Elliot Page,Natasha Wightman,August Diehl,Beatrice Brown,Maxwell McCabe-Lokos,Elliot McCabe Lokos,Diana Greenwood,Eric Thal,Jefferson Guzman,Willy Rachow
tt0384929,Peter Sarsgaard,Campbell Scott,Patricia Clarkson,Ryan Miller,Faith Jefferies,Robin Bartlett,Ebon Moss-Bachrach,Kelli O'Hara,Dee Dee Flores,Elizabeth Marvel
tt0383991,Gianmarco Tognazzi,Anita Caprioli,Fabrizia Sacchi,Hermann Weiskopf,Giuseppe Cederna,Luca Magri,Andrea Riccardo Bruschi,Konrad Hochgruber,Hannes Holzer,Davide Pasti
tt0385056,Casey Affleck,Liv Tyler,Mary Kay Place,Kevin Corrigan,Seymour Cassel,Rachel Strouse,Sarah Strouse,Rick Duplissie,Mark Boone Junior,Jake La Botz
tt0385622,Antonio Sabato Jr.,Michael Paré,Brianne Davis,Rene Raymond Rivera,Kevin Dobson,John Beck,Patrick St. Esprit,Adam Lieberman,Sandra McCoy,Haley Joel
tt0384680,Nicolas Cage,Hope Davis,Nicholas Hoult,Michael Caine,Gemmenne de la Peña,Michael Rispoli,Gil Bellows,Judith McConnell,Chris Marrs,Dina Facklis
tt0385700,Takahiro Sakurai,Ayumi Ito,Shôtarô Morikubo,Maaya Sakamoto,Keiji Fujiwara,Taiten Kusunoki,Yûji Kishi,Kenji Nomura,Shôgo Suzuki,Masahiro Kobayashi
tt0386534,Eriq La Salle,Steven Weber,Russell Wong,Tyler Posey,Nia Peeples,Kate Walsh,Roberta Bassin,Tim Maculan,Richard Steinmetz,Sanny van Heteren
tt0386301,Sami Bouajila,Nieve de Medina,Frédéric Pierrot,Marie Vialle,Hammou Graïa,Abel Jafri,Zakariya Gouram,Ichem Saïbi,Djafer Chibani,Catherine Salviat
tt0386733,Laura Jordan,Gianpaolo Venuta,Karen Simpson,Robert Crooks,Tim Rozon,Abeille Gélinas,Randy Thomas,Rachelle Lefevre,Romano Orzari,Michel Perron
tt0386421,Philip Baker Hall,Ian G Lockhart,Buckley Sampson,Jim Thalman,Amy Hill,Bill Brochtrup,Larry Cedar,Johnny Hawkes,Starletta DuPois,Carol Mansell
tt0386751,Edward Burns,Jennifer Ehle,Thomas Gibson,John Kapelos,Jamie Thomas King,Rachelle Lefevre,Bruce Murphy,David Gibson McLean,Julian Rhind-Tutt,Ross Petty
tt0386565,Jens Okking,Birthe Neumann,Sonja Richter,Kim Bodnia,Dinara Drukarova,Ellen Hillingsø,Steen Stig Lommer,Dejan Cukic,Macha Polikarpova,Nis Bank-Mikkelsen
tt0387131,Ralph Fiennes,Rachel Weisz,Danny Huston,Hubert Koundé,Daniele Harford,Packson Ngugi,Damaris Itenyo Agweyu,Bernard Otieno Oduor,Bill Nighy,Keith Pearson
tt0388213,Kyra Sedgwick,Dominic Scott Kay,Campbell Scott,Kevin Bacon,Blair Brown,Matt Dillon,Oliver Platt,Marisa Tomei,Sosie Bacon,Travis Bacon
tt0388125,Toni Collette,Cameron Diaz,Shirley MacLaine,Anson Mount,Richard Burgi,Candice Azzara,Brooke Smith,John Mastrangelo Sr.,Emilio Mignucci,Mark Feuerstein
tt0387059,Richard Gere,Juliette Binoche,Flora Cross,Max Minghella,Kate Bosworth,Corey Fischer,Sam Zuckerman,Joan Mankin,Piers Mackenzie,Lorri Holt
tt0388318,Jasper Pääkkönen,Mikko Leppilampi,Pamela Tola,Petteri Summanen,Matleena Kuusniemi,Mikko Kouki,Sulevi Peltola,Pertti Sveholm,Samuli Edelmann,Saara Pakkasvirta
tt0388377,Samantha Morton,Kiefer Sutherland,Cliff Curtis,Temuera Morrison,Anton Lesser,Rawiri Pene,Stephen Rea,Wi Kuki Kaa,Mark Ruka,Mikaila Hutchinson
tt0387037,Joshua Jackson,Donald Sutherland,Juliette Lewis,Steven Pasquale,Katie Griffin,Zack Ward,Tyler Labine,Louise Fletcher,Mark Andrada,Jim Feather
tt0387055,Marcos Hernández,Anapola Mushkadiz,Bertha Ruiz,David Bornstein,Rosalinda Ramirez,El Abuelo,Brenda Angulo,El Mago,Francisco 'El Gato' Martínez,Diego Martínez Vignatti
tt0387358,Anne Archer,Kip Pardue,Agnes Bruckner,Mia Kirshner,Gregory Hlady,Devon Alan,Yuri Kolokolnikov,Viktor Sukhorukov,Michael Rose,Scott Sturgeon
tt0387514,Uma Thurman,Meryl Streep,Bryan Greenberg,Jon Abrahams,Adriana Biasi,David Younger,Palmer Brown,Zak Orth,Annie Parisse,Aubrey Dollar
tt0387898,Daniel Auteuil,Juliette Binoche,Maurice Bénichou,Annie Girardot,Bernard Le Coq,Walid Afkir,Lester Makedonsky,Daniel Duval,Nathalie Richard,Denis Podalydès
tt0388703,Roxana Blanco,Nicolás Becerra,Walter Reyno,Beatriz Massons,Humberto De Vargas,Werner Schünemann,Jenny Galvan,Gladys Areta,Gabriela Quartino,Hugo Bardallo
tt0389073,Jenya Lano,Christa Sauls,Lorenzo Lamas,Dan Southworth,Karen Kim,Michael Worth,Jeff Fahey,David Jean Thomas,Rance Howard,Mark Mortimer
tt0388837,Angela Bettis,Scott Cohen,Henry Czerny,David Proval,Jill Jacobson,Bokeem Woodbine,Kamala Lopez,Joe Unger,Yury Tsykun,Grace Cary Bickley
tt0388727,Troels Lyby,Sofie Gråbøl,Paw Henriksen,Louise Mieritz,Søren Malling,Michael Asmussen,Ditte Gråbøl,Claus Bue,Kirsten Olesen,Bodil Jørgensen
tt0389377,Eduardo Cabús,Sálvio do Prado,Giovanna Gold,Helena Ignez,Octávio Iii,Vera Magalhães,Ruth Mezek,Gilson Moura,Felipe Murray,Camila Pitanga
tt0388505,Yaël Abecassis,Roschdy Zem,Moshe Agazai,Moshe Abebe,Sirak M. Sabahat,Yitzhak Edgar,Roni Hadar,Rami Danon,Mimi Abonesh Kebede,Meskie Shibru
tt0388795,Jake Gyllenhaal,Heath Ledger,Michelle Williams,Randy Quaid,Valerie Planche,Dave Trimble,Victor Reyes,Lachlan Mackintosh,Larry Reese,Marty Antonini
tt0388980,Shia LaBeouf,Stephen Dillane,Elias Koteas,James Paxton,Tom Rack,Armand Laroche,Peter Hurley,Gregory Terlecki,Jonathan Higgins,Matthew Knight
tt0389911,Sean Kennedy,Richard Wilson,Ho Thi Lu,Maris J. Caune,Philip Dodd,Glenda Linscott,Terry Rogers,Henry Goldman,Gang Li,Lien Thi Mong Tran
tt0391304,Ashton Kutcher,Amanda Peet,Taryn Manning,Aimee Garcia,Lee Garlington,Birdie M. Hale,Tyrone Giordano,Melissa van der Schyff,Theresa Spruill,James Read
tt0389957,Morgan Freeman,Kevin Spacey,Justin Timberlake,LL Cool J,Dylan McDermott,John Heard,Cary Elwes,Roselyn Sanchez,Damien Dante Wayans,Garfield Wilson
tt0390614,Amitabh Bachchan,Akshay Kumar,Priyanka Chopra Jonas,Shefali Shah,Boman Irani,Rajpal Naurang Yadav,Benjamin Gilani,Asawari Joshi,Rajeev Mehta,Hemant Pandey
tt0389823,Svetozar Cvetkovic,Ljuba Tadic,Anita Mancic,Tihomir Stanic,Aleksandra Jankovic,Ana Franic,Vanja Andric,Svetislav 'Bule' Goncic,Nenad Ciric,Dragoljub Vojnov
tt0390100,Patricio Bambrilla,Julia Beerhold,Alejandro Castillo,Eugenio Morales,Dani Pedersen,Zita Pessagno,Jorge Rodríguez,François Soto,Juan Pablo Sáez,Claudio Viancos
tt0391397,Adrian Grenier,Polly Draper,Leila Arcieri,Michele Santopietro,Victoria Rowell,Peter Vack,Jane Brown,Bernice DeLeo,Emma Adele Galvin,Ross A. McIntyre
tt0391728,Cameron Douglas,Emmanuelle Chriqui,Chad Lindberg,Jake Hoffman,Brian Klugman,Branden Williams,Courtney Peldon,China Shavers,Lisa Wilhoit,Terri Garber
tt0391452,Dan Lauria,Ilene Kristen,Chuck Zito,Eileen Fulton,Carol Alt,Robert Clohessy,Frank Gio,Vinny Vella,Tony Lip,Anthony Mangano
tt0391493,David Wenham,Frances O'Connor,Sarah Wynter,Robert Menzies,David Roberts,Nicole Nabout,Joanna Hunt-Prokhovnik,Nico Billeam,Christopher Bunworth,Phillip Griffiths
tt0391877,Eugene Byrd,Ali Larter,Melissa Leo,Glenn Fitzgerald,William Sadler,Paul Butler,David Harbour,Josh Pais,Ross Gibby,Johnny Pruitt
tt0392465,Josh Hartnett,Radha Mitchell,Gary Cole,Sheila Kelley,Erica Leerhsen,John Carroll Lynch,Nate Mooney,Rusty Schwimmer,Robert Wisdom,Allen Evangelista
tt0393199,Tamara Davies,Dale Midkiff,Stan Kirsch,Corey Large,Alejo Mo-Sun,G. Peter King,Jim Jacks,,,
tt0393162,Samuel L. Jackson,Rick Gonzalez,Robert Ri'chard,Rob Brown,Nana Gbewonyo,Antwon Tanner,Channing Tatum,Ashanti,Texas Battle,Denise Dowse
tt0393529,Tamara Hope,Reiley McClendon,Jeremy Sisto,Tom Sizemore,Marsha Thomason,Mark Boone Junior,John Billingsley,Maeve Quinlan,Max Perlich,Talia-Lynn Prairie
tt0393109,Joseph Gordon-Levitt,Lukas Haas,Emilie de Ravin,Meagan Good,Nora Zehetner,Noah Fleiss,Matt O'Leary,Noah Segan,Richard Roundtree,Brian White
tt0393423,Monic Hendrickx,Peter Blok,Sarah Jonker,Sophie van Winden,Anne-Wil Blankers,Tanja Jess,Ali Ben Horsting,Petra Laseur,Kristen Denkers,Roos Ouwehand
tt0395543,Dina Korzun,Rip Torn,Darren E. Burrows,Andrew Lawrence Henderson,Elizabeth Morton,Joanne Pankow,Arielle Kight,J. Blackfoot,Red West,Jenny O'Hara
tt0395488,James Thierrée,Izabella Miko,Derek Jacobi,Jodhi May,Michael Lonsdale,Andrej Acin,Claudine Peters,Carlos Pavlidis,Niklas Ek,Peter Stein
tt0395795,Buck Taylor,Samantha Droke,Michaela Lange,Bow,Henry Brown,Tina Burke,Christina Canepa,Cliff Chamberlain,Cheryl Clark,Jamie Coudright
tt0395424,Chloë Sevigny,Lucy Liu,Shawn Ashmore,Mabel Adams,Asckt,Caroline Aspirot,Nontombi Bovana,Rob Burns,Stockard Channing,Chin Han
tt0395553,Mathilde Seigner,Maïwenn,Massimo Ranieri,Michel Leeb,Arielle Dombasle,Line Renaud,Yannick Soulier,Pierre Arditi,Sara Forestier,Ticky Holgado
tt0395197,Devon Gearhart,Tyler Ross,Daniel Samonas,Brooke Horn,Steve Mainini,Ronnie Booth,Sophi Bairley,Aegis Duensing,Shawn Smith,David Alls
tt0395699,Vin Diesel,Brittany Snow,Max Thieriot,Brad Garrett,Lauren Graham,Faith Ford,Chris Potter,Carol Kane,Morgan York,Kegan Hoover
tt0396273,Axel Prahl,Inka Friedrich,Anne Ratte-Polle,Dagmar Manzel,Christian Grashof,Andrzej Szopa,Tilo Prückner,Wladimir Tarasjanz,Margit Bendokat,Michael Gerber
tt0395585,Kelly Brook,Dennis Hopper,Hippolyte Girardot,Ashley Walters,Raffaello Degruttola,Peter Capaldi,Susie Amy,Morven Christie,Julienne Davis,Jim Carter
tt0396116,Sophie Lorain,Patrick Huard,Stéphane Demers,Anne-Marie Cadieux,Patricia Nolin,Julie LeBreton,Anick Lemay,Robert Toupin,Denis Bouchard,Charli Arcouette-Martineau
tt0395461,Parviz Shahinkhou,Maryam Hamid,Golshifteh Farahani,Mohamed Grayaâ,Hossein Panahi,Nessim Khaloul,Hessam Hassanipour,Hamed Hassanipour,Morteza Zare,Mohsen Ghazi Moradi
tt0395972,Charlize Theron,Jeremy Renner,Frances McDormand,Thomas Curtis,Elle Peterson,Sean Bean,Woody Harrelson,Richard Jenkins,Sissy Spacek,James Cada
tt0395561,Ignacio Serricchio,Lucas Fleischer,Lamont Stephens,Rachel Emmers,Jo-sei Ikeda,J.J. Boone,Eli Chatman,Desean Terry,Jeffrey Scott Kelly,John Pentecost
tt0396550,Larry Jay Tish,Don LaBranche,Julie McNiven,Mary Simmen,Jim Hogue,Wendell Goodrum,Nicholas Purcell,Alan Dary,Eileen Koch,Crystal Lisbon
tt0396690,Vivek Oberoi,Isha Sharvani,Antonia Bernath,Sushmita Sen,Hrishitaa Bhatt,Polly Adams,Michael Maloney,Caroline Langrishe,Amrish Puri,Om Puri
tt0396857,Cuba Gooding Jr.,Helen Mirren,Vanessa Ferlito,Macy Gray,Joseph Gordon-Levitt,Mo'Nique,Stephen Dorff,Matt Higgins,Tom Pasch,Ryan Eric Speise
tt0396587,Joe Lia,Allan Louis,Lance Lee Davis,Adam Larson,Joshua Paul,Art Roberts,Minerva Vier,Vince Parenti,Bryan Fox,Justin Meloni
tt0396652,Michelle Trachtenberg,Kim Cattrall,Trevor Blumas,Joan Cusack,Amy Stewart,Steve Ross,Hayden Panettiere,Kirsten Olson,Jocelyn Lai,Connie Ray
tt0396688,Gael García Bernal,William Hurt,Laura Harring,Derek Alvarado,Pell James,Monica Peña,Veronica Bernal,Billy Joe Martinez,Mohammad Ahmed,E. Matthew Buckley
tt0397103,Mika Boorem,Yi Ding,Sean Astin,Luoyong Wang,Beau Bridges,Linda Hamilton,Cheri Oteri,Shuai Chi,Jonathon Trent,Erik von Detten
tt0397535,Ziyi Zhang,Ken Watanabe,Michelle Yeoh,Suzuka Ohgo,Togo Igawa,Mako,Samantha Futerman,Elizabeth Sung,Thomas Ikeda,Gong Li
tt0397530,Joseph Fiennes,Kristin Scott Thomas,Iain Glen,Hugh Bonneville,Lomama Boseki,Cécile Bayiha,Flora Montgomery,Patrick Mofokeng,Alistair Petrie,Hubert Saint-Macary
tt0397413,Ulises Dumont,María José Demare,Héctor Grillo,Andrea Prodan,Omar Fanucci,Azul Lombardía,Toto Álvarez,Pía Uribelarrea,Marisa Vernik,Eugenia Fragua
tt0397436,Andre McCoy,Daz Crawford,La Trice Harper,Heidi Marie Wanser,Paul Green,Dabier,Joel King,Ron Ware,David Lawrence Simmons,Jonny Lewis
tt0397101,Kate Hudson,Peter Sarsgaard,Joy Bryant,Gena Rowlands,John Hurt,Maxine Barnett,Fahnlohnee R. Harris,Marion Zinser,Deneen Tyler,Ann Dalrymple
tt0397857,Anna Marie Cseh,György Cserhalmi,Attila Soós,Lajos Kovács,Balázs Czukor,Mari Törőcsik,Enikõ Szilágyi,Anita Bogozi,Judit Csoma,Imre Csuja
tt0398017,Clive Owen,Jennifer Aniston,Vincent Cassel,Addison Timlin,Melissa George,Sandra Bee,RZA,William Armstrong,Tom Conti,Rachael Blake
tt0397582,Pilar López de Ayala,Juan Diego Botto,Bárbara Lennie,Eduard Fernández,Peter Lohmeyer,Héctor Colomé,Pepa López,Txema Blasco,Iñake Irastorza,Ryan Cameron
tt0398027,Edward Norton,Evan Rachel Wood,David Morse,Rory Culkin,Bruce Dern,John Diehl,Geoffrey Lewis,Elizabeth Peña,Kat Dennings,Hunter Parrish
tt0398340,Greg Germann,D.W. Moffett,Bill Cobbs,Connie Britton,Trevor Wright,E. Sean Griffin,Christopher Neame,Emma Lockhart,Carrie Armstrong,Justine Slater
tt0398712,Ethan Hawke,Laurence Fishburne,Gabriel Byrne,Maria Bello,Drea de Matteo,John Leguizamo,Brian Dennehy,Ja Rule,Currie Graham,Aisha Hinds
tt0398375,Jennifer Aniston,Mark Ruffalo,Shirley MacLaine,Kevin Costner,Richard Jenkins,Christopher McDonald,Steve Sandvoss,Mena Suvari,Mike Vogel,Rob Lanza
tt0399006,Peter Brooke,Christine Hartenthaler,Miguel Herz-Kestranek,Franz Huemer,Erich Langwiesner,Elisabeth Lanz,Birgit Lehner,Birgit Linauer,A. Moser,Robert Narholz
tt0398664,Carole Bouquet,Aymará Rovera,Mercedes Sampietro,Ignacio Jiménez,Emilio Bardi,Juan Pablo Domenech,Jorge Román,Rodrigo Alejandro Hornos,Esteban Luis Gonzáles,Mario Marcelo Reinoso
tt0398982,Daisy Ang,Bill Buell,Dick Cavett,Rachel Covey,Mia Dillon,Marty Dunn,Josh Flitter,Judah Friedlander,Jim Fyfe,Janeane Garofalo
tt0400156,Paw Henriksen,Thomas Bo Larsen,Helle Fagralid,Torbjørn Hummel,Niels Andersen,Karin Rørbeck,Lars Bjarke,Annie Birgit Garde,Mikkel Rosenberg,Kirsten Breum
tt0399706,Brooke Anderson,Simone Kessell,Josh Picker,Angela Carmichael,Oriana Panozzo,Malcolm Frawley,Hayley Barr,Wayne Bassett,Kim Blumenthal,Clare Blumer
tt0400201,Anne Birgitte Lind,Jakob Cedergren,Rebecca Løgstrup,Dejan Cukic,Andrea Vagn Jensen,Lykke Sand,Zlatko Buric,Thure Lindhardt,Jens Okking,Morten Suurballe
tt0399048,Xun Zhou,Zhiwen Wang,Xue Ju,Lisa Lu,Chang Shen,Jianjun Wang,Vivian Wu,Lixin Yang,,
tt0399862,Louie Leonardo,Chad Allen,Jack Guzman,Christina Souza,Chase Ellison,Chemo Mepaquito,Ninabet Bedoya,Sara Kathryn Bakker,Cara Stoner,Beth Bailey
tt0399222,Jean-Paul Rouve,Gérard Depardieu,Annie Girardot,Lionel Abelanski,Isabelle Renauld,Yves Jacques,Élisabeth Vitali,Xavier de Guillebon,Valérie Benguigui,Mar Sodupe
tt0399295,Nicolas Cage,Ethan Hawke,Jared Leto,Bridget Moynahan,Shake Tukhmanyan,Jean-Pierre Nshanian,Jared Burke,Eric Uys,David Shumbris,Stewart Morgan
tt0399146,Viggo Mortensen,Maria Bello,Ed Harris,William Hurt,Ashton Holmes,Peter MacNeill,Stephen McHattie,Greg Bryk,Kyle Schmid,Sumela Kay
tt0400525,John Cusack,Billy Bob Thornton,Connie Nielsen,Lara Phillips,Bill Noble,Brad Smith,Ned Bellamy,Mike Starr,T.J. Jagodowski,Meghan Maureen McDonough
tt0400237,Antoine Monot Jr.,Dominique Horwitz,Beate Bille,Joost Siedhoff,Hanna Schygulla,Erich Krieg,Ketel Weber,Yupp Regeler,Sebastian Schipper,Axel Olsson
tt0400598,Joep Truijen,Neeltje de Vree,Loes Luca,Carice van Houten,Barry Atsma,Kees Hulst,Ad Knippels,Mara van Vlijmen,Babbe Groenhagen,Bente Jonker
tt0400186,Dileep,Gopika,Indrajith Sukumaran,Rajan P. Dev,Biju Menon,Bhavana,Lal,Shobha Mohan,Mala Aravindan,Salim Kumar
tt0401591,Danny Aiello,Jane Curtin,Daniel Sauli,Marisa Ryan,Heather Burns,Ian Kahn,Olivia Archer,Rick Aiello,Moises Belizario,Frank Bongiorno
tt0401420,Diane Lane,Donald Sutherland,Anton Yelchin,Chris Evans,Kristen Stewart,Paz de la Huerta,Blu Mankuma,Elizabeth Perkins,Christopher Shyer,Garry Chalk
tt0401815,Jenna Dewan,Katie Stuart,Chad Faust,Bryan Clark,Melissa Marie Elias,Gil Hacohen,Marc Devigne,Matthew Marsden,Claudette Mink,Chris Sigurdson
tt0401808,Joan Chen,Zhang Fan,Ge Gao,Bin Li,Jing Liang,Zifeng Liu,Haiying Sun,Haidi Wang,Hong Yihao,
tt0401085,Michel Côté,Marc-André Grondin,Danielle Proulx,Émile Vallée,Pierre-Luc Brillant,Maxime Tremblay,Alex Gravel,Natasha Thompson,Johanne Lebrun,Mariloup Wolfe
tt0401385,Peter Paige,Kathy Najimy,Anthony Clark,Melanie Lynskey,Gabrielle Union,Lisa Edelstein,Jim Ortlieb,Katie O'Grady,Ayanna Berkshire,Don Adler
tt0402057,Hringur Ingvarsson,Spencer Wilding,Stellan Skarsgård,Ingvar Sigurdsson,Gunnar Eyjólfsson,Gerard Butler,Philip Whitchurch,Ronan Vibert,Rory McCann,Tony Curran
tt0402102,Dida Diafat,Bernard Giraudeau,Florence Faivre,Lakshantha Abenayake,Sombat Metanee,Rith Luecha,Jean-Pierre Léonardini,Fariza Mimoun,Calbo,Jean Miez
tt0402850,Robin Williams,Giovanni Ribisi,Holly Hunter,Tim Blake Nelson,W. Earl Brown,Woody Harrelson,Alison Lohman,Billy Merasty,Marina Stephenson Kerr,Ralph Alderman
tt0402158,Jean Reno,Arly Jover,Jocelyn Quivrin,Laura Morante,Philippe Bas,David Kammenos,Didier Sauvegrain,Patrick Floersheim,Etienne Chicot,Albert Dray
tt0401559,Maximilian Artajo,Céline Vogt,Leander Wolf,Anke Engelke,Dirk Bach,Joy Gruttmann,Atze Schröder,Oliver Kalkofe,Bastian Pastewka,Ralf Schmitz
tt0402230,Maggie Gyllenhaal,Seth Gilliam,Jim Parsons,Martha Millan,Will Arnett,Nancy McDoniel,Fred Burrell,Jillian Crane,Mario Polit,Tony Kushner
tt0402064,Emily Brooke Hands,Jimmy Wayne Farley,Dikla Marshall,George Garritano,Lucia Sullivan,Nino Cirabisi,Monte Vallier,,,
tt0402710,Simon Dahl Thaulow,Peter Steen,Stine Fischer Christensen,Annemarie Malle Klixbüll,Søren Bertelsen,Søren Frank,Niels Hinrichsen,Tuva Novotny,Steen Stig Lommer,Peter Hesse Overgaard
tt0402808,Brooke Adams,Michael Arata,Barbara Balentine,Siri Baruc,Rachael Bean,James Bearb,Troi Bechet,Alex Beck,Tony Bentley,Will Cart
tt0402399,Colin Farrell,Q'orianka Kilcher,Christopher Plummer,Christian Bale,August Schellenberg,Wes Studi,David Thewlis,Yorick van Wageningen,Raoul Max Trujillo,Michael Greyeyes
tt0402894,Heath Ledger,Sienna Miller,Jeremy Irons,Oliver Platt,Lena Olin,Omid Djalili,Stephen Greif,Ken Stott,Helen McCrory,Leigh Lawson
tt0403016,Steve Howey,Mike Vogel,Sophia Bush,Cameron Richardson,Aaron Carter,Channing Tatum,Robert Patrick,Robert Carradine,Carolina Garcia,Ryan Locke
tt0402910,Jason Statham,Ryan Phillippe,Wesley Snipes,Henry Czerny,Justine Waddell,Nicholas Lea,Jessica Steen,Rob LaBelle,John Cassini,Damon Johnson
tt0403217,Michael Pitt,Lukas Haas,Asia Argento,Scott Patrick Green,Nicole Vicius,Ricky Jay,Ryan Orion,Harmony Korine,Rodrigo Lopresti,Kim Gordon
tt0404535,Pascal Elbé,Simon Abkarian,Isaac Sharry,Linh-Dan Pham,Teng Fei Xiang,Yun Hong Perrotin,Liney Zhao,Astrid Condis,Guillaume Gouix,Richard Taxy
tt0403537,Beanie Sigel,N.O.R.E.,Damon Dash,Michael Bentt,Omillio Sparks,Oschino,Freeway,Hanif 'Neef' Muhammed,Christopher Ries,Cam'ron
tt0403508,Amber Tamblyn,Alexis Bledel,America Ferrera,Blake Lively,Jenna Boyd,Bradley Whitford,Nancy Travis,Rachel Ticotin,Mike Vogel,Michael Rady
tt0405157,Salvador Pineda,Francisco Gattorno,Alpha Acosta,Siboney Lo,Gabriel Traversari,North Roberts,Lauro López,Rachelle Naveira,Emanuel Gironi,Felipe Camacho
tt0404802,Gretchen Mol,Lili Taylor,Chris Bauer,Jared Harris,Sarah Paulson,Cara Seymour,David Strathairn,John Cullum,Matt McGrath,Austin Pendleton
tt0403522,Nikolaj Lie Kaas,Birthe Neumann,Thomas Bo Larsen,Niels Olsen,Peter Gantzler,Mira Wanting,Lotte Andersen,Kirsten Lehfeldt,Jens Okking,Ole Thestrup
tt0404850,,,,,,,,,,
tt0403360,Signe Egholm Olsen,Claus Riis Østergaard,Thure Lindhardt,Farshad Kholghi,Thomas L. Corneliussen,Pernille Vallentin,Signe Vaupel,Rudi Køhnke,Maria Stenz,Finn Storgaard
tt0403455,Shad Moss,Nick Cannon,Meagan Good,Brandon T. Jackson,Chi McBride,Marcus T. Paulk,Rick Gonzalez,Khleo Thomas,Busisiwe Irvin,Jurnee Smollett
tt0403848,James Franco,Brian Lally,Allison Bibicoff,Stacey Miller,Vince Jolivette,Nori Jill Phillips,Danny Molina,David Markey,Sydney DeMarco,Anthony W. Preston
tt0404030,Elijah Wood,Eugene Hutz,Boris Lyoskin,Jonathan Safran Foer,Jana Hrabetova,Stephen Samudovsky,Ljubomir Dezera,Oleksandr Choroshko,Gil Kazimirov,Zuzana Hodkova
tt0404032,Laura Linney,Tom Wilkinson,Shohreh Aghdashloo,Campbell Scott,Jennifer Carpenter,Colm Feore,Joshua Close,Kenneth Welsh,Duncan Fraser,JR Bourne
tt0403933,Michael Madsen,Corey Large,Shannyn Sossamon,Meat Loaf,Gary Busey,Sean Whalen,Lochlyn Munro,Tom Wright,Michael Rooker,Danny Trejo
tt0405281,Ulises Dumont,Alicia Zanca,Mauricio Dayub,Isaac Haimovici,Mirna Suárez,Igón Lerchundi,Oscar Montalto,Nahuel D'Onofrio,Oscar Frontini,Claudio Martínez Bel
tt0406194,Michal Dlouhý,Jan Dolanský,Richard Krajco,Alice Bendová,Lucie Benesová,Dusan Urban,Pavel Reznícek,Lubos Veselý,Jan Vondrácek,Dusan Skubal
tt0404003,Manlio Dovì,Sabrina Colle,Ivan Bekjarev,Vincenzo Bocciarelli,Milan Bosiljcic,Francesca Della Ragione,Milorad Kapor,Federica Palmer,Luka Piljagic,Aleksandra Por
tt0406097,Gregory Smith,Jordana Brewster,Ashley Johnson,David Moscow,Chad Faust,Brian Doyle-Murray,Logan Bartholomew,David Morse,Shannon Day,Amy Main
tt0406038,Kip Pardue,Michael Kelly,Tess Harper,Adrian Lee,Tammy Arnold,Chris Sarandon,Bonnie Hunt,Michael Esper,Bill Ladd,Trevor Gagnon
tt0405861,Christian Slater,Selma Blair,Robert Loggia,Colm Feore,Angie Harmon,John Heard,Kevin Tighe,Philip Granger,Françoise Yip,Jim Thorburn
tt0405743,Til Schweiger,Johanna Wokalek,Nadja Tiller,Michael Mendl,Steffen Wink,Alexandra Neldel,Imogen Kogge,Paula Paul,Eric Judor,Mark Keller
tt0406098,Tatiana Dyková,Pavel Liska,Anna Geislerová,Marek Daniel,Zuzana Krónerová,Simona Stasová,Bolek Polívka,Martin Huba,Anna Kocisová,David Dolnik
tt0406158,Julianne Moore,Woody Harrelson,Laura Dern,Trevor Morgan,Ellary Porterfield,Simon Reynolds,Monté Gagné,Robert Clark,Michael Seater,Erik Knudsen
tt0406359,Edoardo Ballerini,Fairuza Balk,Rachel Binder,Andrew Buckley,Dagmar Edwards,Paula Ficara,Sean Gullette,Dexter Hamlett,John Ireland,Joshua Leonard
tt0406650,Jamie Bell,Allison Janney,Rory Culkin,Glenn Close,Camilla Belle,Justin Chatwin,Kathi Copeland,Thomas Curtis,Tim DeKay,David Ellison
tt0406711,Lazar Ristovski,Tatjana Sojic,Miralem Zupcevic,Nada Djurevska,Uliks Fehmiu,Tarik Filipovic,Irena Micijevic,Admir Glamocak,Emir Hadzihafizbegovic,Boro Stjepanovic
tt0406941,Kôji Yakusho,Satoshi Tsumabuki,Toshirô Yanagiba,Yû Kashii,Shin'ichi Tsutsumi,Ken Ishiguro,Colter Allison,David Austin,Nicholas Dombrovskis,Christopher Ryan Doyle
tt0407214,Jesús Ochoa,Eduardo Santamarina,Marco Pérez,Andrés Montiel,Bernardo de la Fuente,Antonio Arizpe,Maru Haro,Alejandra Mena,Rodolfo Nevarez,
tt0407265,Felicity Huffman,Kevin Zegers,Fionnula Flanagan,Andrea James,Danny Burstein,Maurice Orozco,Elizabeth Peña,Craig Bockhorn,Paul Borghese,Jon Budinoff
tt0407230,Jean-Nicolas Verreault,Anick Lemay,Gilles Renaud,François Chénier,Catherine Trudeau,Germain Houde,Pierre Collin,Pierrette Robitaille,Patrice Robitaille,Hugolin Chevrette-Landesque
tt0406914,Václav Jirácek,Radoslav Brzobohatý,Vilma Cibulková,Anna Cónová,Ester Geislerová,Martin Huba,Vladimír Dlouhý,Ondrej Vetchý,Igor Bares,Jirí Lábus
tt0407236,Jan Tríska,Pavel Liska,Anna Geislerová,Martin Huba,Jaroslav Dusek,Pavel Nový,Stano Danciak,Jirí Krytinár,Katerina Ruzicková,Iva Littmanová
tt0407095,Allison Janney,Keith Carradine,Cheryl Hines,Beth Grant,Jason Ritter,Hilarie Burton,Faith Prince,Mary Badham,Autumn Reeser,Derek Carter
tt0407205,Elizabeth Banks,Maria Bello,Erika Christensen,Steven Culp,Tony Goldwyn,Mary Stuart Masterson,Eric McCormack,Alessandro Nivola,Chris O'Donnell,Rip Torn
tt0408162,Karl Geary,Stephanie Szostak,Larry Fessenden,Neil Jain,Pell James,Randall Jaynes,Christina Kirk,Jessica Lawson,Joe Martine,Lawrence Scaduto
tt0408120,Ivan Trojan,Zuzana Sulajová,Zuzana Stivínová,Miroslav Krobot,Nina Divísková,Karel Hermánek,Petra Lustigová,Jirí Bartoska,Zuzana Bydzovská,Jana Hubinská
tt0408318,Jakob Cedergren,Nicolas Bro,Tilly Scott Pedersen,Morten Suurballe,Bodil Jørgensen,Nicolaj Kopernikus,Anders Hove,Kristian Halken,Thomas W. Gabrielsson,Michelle Bjørn-Andersen
tt0408133,Stefano Dionisi,Violante Placido,Nicola Farron,Ernesto Mahieux,Maurizio Mattioli,Guia Jelo,Pino Ferrara,Laura Troschel,Pier Luigi Misasi,Barbara Terrinoni
tt0407998,Aishwarya Rai Bachchan,Dylan McDermott,Nitin Ganatra,Adewale Akinnuoye-Agbaje,Caroline Chikezie,Anupam Kher,Shaheen Khan,Sonny Gill,Nina Young,Toby Marlow
tt0408306,Eric Bana,Daniel Craig,Marie-Josée Croze,Ciarán Hinds,Mathieu Kassovitz,Hanns Zischler,Ayelet Zurer,Geoffrey Rush,Gila Almagor,Michael Lonsdale
tt0408302,Jesse Rinsma,Tom van Kessel,Carice van Houten,Frieda Pittoors,Daan Schuurmans,Leny Breederveld,Edo Brunner,Judith Bovenberg,Eva van der Gucht,Luk D'Heu
tt0409678,Marie Raynal,Lyès Salem,Adrien Ruiz,Eric Savin,Liliane Rovère,Caroline Baehr,Gérard Meylan,Jocelyne Desverchère,Yves Michel,Eric Pasturel
tt0408852,Jeffrey M. Bell,Alex Alamul,Rich Amooi,Myers Clark,Yvonne Cornell,Shawn Flanagan,Dylan Free,Larissa Kasian,Larry Laverty,Eleese Longino
tt0408790,Jodie Foster,Peter Sarsgaard,Sean Bean,Kate Beahan,Michael Irby,Assaf Cohen,Erika Christensen,Shane Edelman,Mary Gallagher,Haley Ramm
tt0409838,Jordan-Claire Green,Macey Cruthird,Kris Crevani,Will Denton,Jimmy Walsh,Lea Thompson,Thomas Gibson,Paul Dooley,Martin Mull,Doug McKeon
tt0409081,Kal Aise,Terry Bird,John Campbell-Mac,Keith Chanter,Melissa De Mol,Steve Gibbs,Elliott Jordan,David Lelean,Paul McNeilly,Jamie Palmer
tt0409184,Romain Duris,Kelly Reilly,Audrey Tautou,Cécile de France,Kevin Bishop,Evguenya Obraztsova,Irene Montalà,Gary Love,Lucy Gordon,Aïssa Maïga
tt0410162,Gary Stretch,John Rhys-Davies,Cindy Sirinya Bishop,Yoe Hassadeevichit,Dom Hetrakul,Nirut Sirichanya,Akara Amarttayakul,Mark Sobels,Oliver Poupart,Ammara Assawanon
tt0409527,Sanjay Dutt,Aishwarya Rai Bachchan,Zayed Khan,Aakash Pandey,Sadiya Siddiqui,Susheel Chabra,Imran Hasnee,Brijendra Kala,Kamini Khanna,Lou Lou
tt0410381,Jan Cornet,María Vázquez,Pablo Rivero,Icíar Bollaín,Joan Dalmau,Luis Tosar,José Ángel Egido,Antonio de la Torre,Félix Cubero,Elisabet Gelabert
tt0409034,Robert Carlyle,Marisa Tomei,Mary Steenburgen,John Goodman,Elden Henson,Sean Astin,Teresa Johnston,Kelley Parker,Michael Bower,Chance Michael Corbitt
tt0410516,Jessica Jimerson,David Ramsey,Kenya Moore,Sara Stokes,Ron Finberg,Anika C. McFall,Annette Jimerson,Black Prince,Nicolas Blanchard,Charles Durning
tt0410275,Nadine Birkmeyer,Heather J. Braden,Josh Gibson,Lorraine Lockwood,Carrena Lukas,,,,,
tt0410445,Olivier Gourmet,Marie-Josée Croze,Bertille Noël-Bruneau,Marisa Borini,Yves Jacques,Elisabeth Macocco,Claude Koener,Marie-Claude Vermorel,Jean-Michel Noirey,Lison Riess
tt0410400,Peter Mullan,Brenda Blethyn,Billy Boyd,Sean McGinley,Jamie Sives,Ron Cook,Jodhi May,Benedict Wong,Anne Marie Timoney,Shaun Dingwall
tt0410410,Mila Dekker,Aurélia Petit,Malik Zidi,Luc Leclerc du Sablon,Christine Dory,Guilaine Londez,Pierre Hiessler,Laurence Côte,Éléonore Michelin,Aurélie Léon
tt0410097,Terrence Howard,Ludacris,Anthony Anderson,Taryn Manning,Taraji P. Henson,DJ Qualls,Paula Jai Parker,Elise Neal,Isaac Hayes,Juicy J
tt0412019,Bill Murray,Jessica Lange,Sharon Stone,Julie Delpy,Heather Simms,Brea Frazier,Jarry Fall,Korka Fall,Saul Holland,Zakira Holland
tt0410320,Ken Stott,Tyrone McKenna,Gillian Anderson,Richard Dormer,Sean McGinley,Robert Carlyle,Kevin Elliott,Bernard Manning,Simon Delaney,Mark McCavanagh
tt0411267,Sean Bean,Maria Bello,Sophie Stuckey,Abigail Stone,Maurice Roëves,Richard Elfyn,Casper Harvey,Eluned Jones,Gwenyth Petty,Robin Griffith
tt0410764,Jeff Bridges,Jennifer Tilly,Jodelle Ferland,Janet McTeer,Brendan Fletcher,Dylan Taylor,Wendy Anderson,Sally Crooks,Alden Adair,Mitch Cullin
tt0410316,Nicolás Saavedra,Erto Pantoja,Miguel Dedovich,Jorge Román,Felipe Braun,Fernanda Urrejola,Pablo Valledor,Víctor Montero,Juan Pablo Miranda,Andrés Olea
tt0410806,Gaetano Aronica,Luigi Maria Burruano,Renato Carpentieri,Romina Caruana,David Coco,Roberto Davide,Giacinto Ferro,Nino Frassica,Donatella Furino,Robert Hundar
tt0410626,David Arquette,Thora Birch,Balthazar Getty,Julianna Margulies,Joely Fisher,Michael Janik,Svetlana Metkina,Lillo Brancato,Katie Chonacas,Sara Colton
tt0411098,Adama Bila,Elysée Rouamba,Rodrigue Ouattara,Uros Milovanovic,Dragan Zurovac,Vladan Milojevic,Goran R. Vracar,Mihona Vasic,Dusan Krivec,Hannah Hodson
tt0411168,Stephen Cinabro,Maggie McLaughlin,Otis Fine,Mark Sutton,Ritchie Franco,Ellen Fox,Nicole Walker,Joe Bill,Julia Neary,Frank Gangarossa
tt0411195,Cillian Murphy,Morgan Jones,Eva Birthistle,Liam Neeson,Mary Coughlan,Conor McEvoy,Ruth McCabe,Charlene McKenna,Seamus Reilly,Peter Owens
tt0412308,Naseeruddin Shah,Dimple Kapadia,Saif Ali Khan,Boman Irani,Simone Singh,Honey Chhaya,Manoj Pahwa,Delna Patel,Ravi Khote,Carol Gracias
tt0412080,Anthony Hopkins,Diane Ladd,Iain Rea,Tessa Mitchell,Aaron Murphy,Tim Shadbolt,Annie Whittle,Greg Johnson,Antony Starr,Kate Sullivan
tt0411242,Lurdes Barba,Cristina Brondo,Lidia Catalano,Lucas Ferraro,Pepe Novoa,Atilio Pozzobón,Lluís Soler,Manuel Vignau,Josefina Vitón,Luis Ziembrowski
tt0411117,Olga Kurylenko,Marc Barbé,Stipe Erceg,Edith Scob,Hanns Zischler,Sotigui Kouyaté,Doria Achour,Anne Benoît,Louis Dewynter,Geneviève Lagardère
tt0411270,Romain Duris,Aure Atika,Emmanuelle Devos,Niels Arestrup,Jonathan Zaccaï,Gilles Cohen,Linh-Dan Pham,Anton Yakovlev,Mélanie Laurent,Agnès Aubé
tt0411118,Yvan Attal,Sophie Marceau,Sami Frey,Gilles Lellouche,Daniel Olbrychski,Samir Guesmi,Dimitri Rataud,Nicky Marbot,Olivier Chenevat,Alban Casterman
tt0412044,Michael Urie,Jeremy Beazlie,Lucas Papaelias,Elizabeth Kapplow,Michael Linstroth,Nick Potenzieri,Jay Gillespie,Stephen Sporer,Jeff Wenger,Bob Williams
tt0412639,Emily Hirst,Helene Joy,Ian Tracey,Lothaire Bluteau,Glynis Davies,Jennifer Beals,Ed Begley Jr.,Ginger Page,Susan Bain,Layne Black
tt0413015,Judi Dench,Bob Hoskins,Christopher Guest,Will Young,Kelly Reilly,Thelma Barlow,Anna Brewster,Rosalind Halstead,Sarah Solemani,Natalia Tena
tt0412843,Corinna Harfouch,Bolek Polívka,Petr Forman,Ondrej Vetchý,Anna Polívková,Tána Fischerová,Adrian Jastraban,Eva Maria Bayerwaltes,Manfred Erdmann,Libuse Geprtová
tt0413078,Aurélien Recoing,Elina Löwensohn,Héctor Guido,Rosa Simonelli,Ernesto Liotti,Eduardo Amaro,Jorge Bolani,William Triest,Ximena Decuadro,Juan Calvo
tt0414344,Ayad Akhtar,Firdous Bamji,Nandana Sen,Sarita Choudhury,Charles Daniel Sandoval,Varun Sriram,Anjeli Chapman,John Ventimiglia,Michael McGlone,Aasif Mandvi
tt0414675,Ross Thomas,Wyatt Denny,David Fine,Justin Gordon,Kareem J. Grimes,Damon P. Harris,Christopher Hayes IV,Nora Kirkpatrick,Larry Laverty,Marilyn McIntyre
tt0414135,Juci Balog,Juci Barabás,László Beles,Lajos Bertók,Istvánné Burga,István Csala,Sándor Csányi,Ferencné Császár,Rozál Csótár,Elemér Czifra
tt0414387,Keira Knightley,Matthew Macfadyen,Brenda Blethyn,Donald Sutherland,Talulah Riley,Rosamund Pike,Jena Malone,Carey Mulligan,Claudie Blakley,Sylvester Morand
tt0415022,Bibiana Beglau,Golo Euler,Steffi Kühnert,Hartmut Lange,Ursina Lardi,Hannes Lensing,Julia Stabenow,Raphael Westermeier,,
tt0414142,György Cserhalmi,Blanka Szilasi,Lajos Bertók,Dénes Ujlaky,György Gazsó,Eszter Csákányi,Tibor Szabó,Sándor Csányi,Péter Rudolf,Anna Györgyi
tt0413358,Mahendra Perera,Hemasiri Liyanage,Nilupili Jayawardena,Kaushalaya Fernando,Pumudika Sapurni Peiris,Saumya Liyanage,,,,
tt0415877,Nick Daley,Chris Heuisler,Kimberly McCullough,Brad Raider,Kevin Durand,Nan Martin,M. Emmet Walsh,Michael Hitchcock,Curtis Armstrong,Beth Kennedy
tt0415978,John Hawkes,Miranda July,Miles Thompson,Brandon Ratcliff,Carlie Westerman,Hector Elias,Brad William Henke,Natasha Slayton,Najarra Townsend,Tracy Wright
tt0415607,Parviz Parastui,Roya Teymourian,Soghra Obeisi,Mohammad Amir Naji,Melika Eslafi,Leila Otadi,Mahmoud Behraznia,Dawlat Asadi,Melika Aslafi,Ahmad Gavaheri
tt0415651,Brenna Radding,Ashely Smith,Caleigh White,Ali Costello,Matt Marraccini,Merilee Brasch,Yvonne Maverick,Michael Blain-Rozgay,Kirk Bovill,Tim Cowgill
tt0413172,Nick Moran,Georgina Rylance,David Soul,Ralph Brown,Pete Hodge,Peter Sullivan,Paul Bigley,Hannah Watkins,John Webber,Kirsty Dillon
tt0414195,Bjarne Henriksen,Vivian Wu,Lin Kun Wu,Paw Henriksen,Charlotte Fich,Chapper Kim,Laura Bro,Peder Thomas Pedersen,Thomas Gammeltoft,Mathias Sparre-Ulrich
tt0413509,Nathalie Boutefeu,Marc Citti,Judith Rémy,Lars Rudolph,Olivier Rabourdin,Paulette Dubost,Eric Bonicatto,Grégory Gadebois,Galatéa Bellugi,Benjamin Egner
tt0414796,Marit Andreassen,Bernhard Arnø,Anders Baasmo,Dagny Rieber Borgnes,Kåre Conradi,Signe Dahl,Ulrikke Hansen Døvigen,Emilie Falch,Hedda Bjordal Foss,Monica Hjelle
tt0416041,Barry Corbin,Sam Huntington,Caroline Goodall,Charles Robinson,Amanda Brooks,Greg Evigan,Clint Howard,Gregory Siff,Charles Durning,William Katt
tt0415768,Sanjay Dutt,Suniel Shetty,Abhishek Bachchan,Zayed Khan,Shilpa Shetty Kundra,Esha Deol,Pankaj Kapur,Dia Mirza,Raima Sen,Gulshan Grover
tt0413422,Steve Harris,Gale Harold,Phillip Bloch,Catherine Dent,Michelle Clunie,Judah Friedlander,Shirley Caesar,Daisy McCrackin,Sandra Benton,Adam Boyer
tt0414200,Jeroen Krabbé,Jan Decleir,Astrid Joosten,Theu Boermans,Marjon Brandsma,Aat Ceelen,Chris Comvalius,Gijs de Lange,Sjoerd Dragtsma,Turan Furat
tt0415023,Annika Hallin,Kristoffer Joner,Fridtjov Såheim,Göran Ragnerstam,Linn Skåber,Axel Zuber,Jade Francis Haj,Michalis Koutsogiannakis,Mina Azarian,Trine Wiggen
tt0413466,Jonathan Velasquez,Francisco Pedrasa,Milton Velasquez,Usvaldo Panameno,Eddie Velasquez,Luis Rojas-Salgado,Carlos Ramirez,Iris Zelaya,Ashley Maldonado,Laura Cellner
tt0415678,Denis Nikiforov,Elena Panova,Andrey Panin,Ivan Makarevich,Dmitriy Shevchenko,Sergey Bezrukov,John Amos,Aleksandr Kuznetsov,Pavel Derevyanko,Maksim Litovchenko
tt0416101,Fernando Fernán Gómez,Emma Vilarasau,Marta Etura,Roger Coma,Víctor Mosqueira,Mónica García,Marisa de Leza,Joaquín Hinojosa,Ana Cuerdo,Manuel Feijóo
tt0416119,Evgeniy Mironov,Aleksey Serebryakov,Andrey Smolyakov,Sergey Astakhov,Viktoriya Tolstoganova,Lyubov Tolkalina,Natalya Arinbasarova,Yury Belyayev,Sergey Gabrielyan,Kseniya Lavrova-Glinka
tt0414713,Konkona Sen Sharma,Yashpal Sharma,Brinda Karat,Ankur Khanna,Chaiti Ghosh,Aparna Roy,Ashish Ghosh,Ruma Ghosh,Loveleen Mishra,Brajesh Mishra
tt0414845,Alin Panc,Olimpia Olari,Nicoleta Luciu,Diana Munteanu,Cristian Motiu,Andreea Doinea,Florian Ghimpu,,,
tt0414951,Camilla Belle,Elisha Cuthbert,Edie Falco,Martin Donovan,Shawn Ashmore,Katy Mixon,David Gallagher,Shannon Woodward,Mj Vandivier,Jo Baker
tt0415147,Morjana Alaoui,Matthieu Boujenah,Razika Simozrag,Fatym Layachi,Assaad Bouab,Rachid Benhaissan,Khalid Maadour,Michael Souda,Rachid Benassain,Jérôme Azogui
tt0415143,Graham Beckel,Jason Behr,James C. Burns,Johnny Dowers,Autumn Federici,Omar Benson Miller,Rachel Miner,Nikki Reed,Steffanie Sampson,Susan Traylor
tt0416320,Scarlett Johansson,Jonathan Rhys Meyers,Emily Mortimer,Matthew Goode,Alexander Armstrong,Paul Kaye,Brian Cox,Penelope Wilton,Janis Kelly,Alan Oke
tt0415932,Laurent Lucas,Charlotte Gainsbourg,Charlotte Rampling,André Dussollier,Jacques Bonnaffé,Véronique Affholder,Michel Cassagne,Florence Desille,Emmanuel Gayet,Félix Gonzales
tt0416471,Marcia Gay Harden,Forest Whitaker,Donald Sutherland,Linda Cardellini,Lisa Long,Chris Warren,David Heymann,Christopher Marquette,Amanda Seyfried,Nikki Reed
tt0415833,Seth Peterson,Bruce Davison,Chad Donella,Cindy Pickett,Brian J. Smith,Susan Blakely,Lin Shaye,Farah White,Giancarlo Esposito,Sean Hennigan
tt0415234,Tzi Ma,Jacqueline Kim,Elaine Kao,Freda Foh Shen,Kathy Shao-Lin Lee,Mia Riverton,Jayce Bartok,Rossif Sutherland,Sebastian Stan,Stephen Rowe
tt0416658,Reiko Aylesworth,Bruno Campos,JoBeth Williams,Meat Loaf,Marla Sokoloff,Greg Germann,David Alan Basche,Lizette Carrion,Paul Schulze,Michael Hyatt
tt0416778,Joel Bischoff,Frances Bockenfeld,Archie Bryan,Lauren Bryan,Susan Burke,Laurent de la Cruz,Todd Eckert,Pat Everett,Irene Hsaio,Pat James
tt0416688,Marshall Allman,Haylie Duff,Luke Perry,Ryan Sheckler,Tony Alva,Art Alexakis,Jane Brucker,John Cantwell,Francis Capra,Michael Copon
tt0417077,Robert Merrill,Alison Eastwood,Nolan Flannery,Colby French,Matt Fry,Rachel Gibbs,Vanessa Query,Bonnie Root,Gary Warden,James Wlcek
tt0417096,Cyndi Williams,Kenneth Wayne Bradley,Alex Kiester,Hannah Nicolas,Jacqui Cross,Marco Perella,Gretchen Krich,Shanon Weaver,Jessica Hedrick,Suzanne Savoy
tt0417479,Emmanuel Salinger,Ilona Del Marle,Nathalie Richard,Claude Perron,Saskia Mulder,Bruno Putzulu,Frédéric Dussenne,Manuel Morón,Manuela Sanchez,Carlo Brandt
tt0417189,Melvil Poupaud,Jeanne Moreau,Valeria Bruni Tedeschi,Daniel Duval,Marie Rivière,Christian Sengewald,Louise-Anne Hippeau,Henri de Lorme,Walter Pagano,Violetta Sanchez
tt0417550,Chris Pine,Cameron Daddo,Bruce Davison,Tom Bosley,Peter Greene,Lukas Behnken,Adam Bussell,Robert Pine,Janet Carroll,Kate Vernon
tt0417552,Dmitriy Ermilov,Vera Voronkova,Tatyana Peshkova,Viktor Konisevich,Svitlana Smirnova,,,,,
tt0417385,Conor Donovan,Jesse Camacho,Zoe Weizenbaum,Annabella Sciorra,Jeremy Renner,Jayne Atkinson,Linus Roache,Marcia DeBonis,Tom McGowan,Michael C. Fuchs
tt0417397,Artur Smolyaninov,Aleksey Chadov,Konstantin Kryukov,Ivan Kokorin,Mikhail Evlanov,Artyom Mikhalkov,Soslan Fidarov,Ivan Nikolaev,Mikhail Porechenkov,Fedor Bondarchuk
tt0417071,Sylvie Testud,Sergi López,Camille Gauthier,Mar Sodupe,Cédric Chevalme,Isabelle Petit-Jacques,Prune Lichtle,Esther Gorintin,Gabrielle Lopes Benites,Louis Pottier
tt0417453,Roméo Botzaris,Isabelle Carré,Vincent Lindon,Nicolas Briançon,Alicia Djemaï,Marc Sedze,Mado Sedze,Rodolphe Pauly,Marlène Casaux-Glaire,Jean-Marc Stehlé
tt0417217,Matthew McConaughey,Al Pacino,Rene Russo,Armand Assante,Jeremy Piven,Jaime King,Kevin Chapman,Ralph Garman,Gedde Watanabe,Carly Pope
tt0417826,Gabriela Andermann,Axel Anderson,Gerardo Chendo,Pablo Ini,Sammy Lerner,Verónica Llinás,Celeste Martín,Luna Paiva,Beatriz Spelzini,Romina Sznaider
tt0417736,Gordon Tootoosis,Jimmy Herman,Stacy Da Silva,Colin Van Loon,Bernard Starlight,Stephanie Dixon,Gillian Carfra,Ron Waller,Edna Rain,Raymond Carafelle
tt0417658,Matt Dillon,Lili Taylor,Marisa Tomei,Didier Flamand,Fisher Stevens,Adrienne Shelly,Karen Young,Thomas Lyons,Dean Brewington,James Cada
tt0417735,Om Puri,Gulshan Grover,Tom Alter,Smita Jaykar,Shreyas Talpade,Nazneen Ghaani,Amrita Bedi,Anil Bhagwat,Sonal Bhave,Balaji Deshpande
tt0417907,John Patrick Amedori,Jack Anthony,Jasmine Jessica Anthony,Joshua Moore,Robert Baker,John David Conti,Jonny Danks,Jeff Doucette,Megan Duffy,Nikko Estrada
tt0418612,Wendel Meldrum,Mark Humphrey,Luke Humphrey,Kate Albrecht,Eddie Allen,Esther M. Appel,Ian Axness,Jack Bryant,Jacob DeMonte-Finn,Sabine Ehrenfeld
tt0418091,Alessio Boni,Michela Cescon,Rodolfo Corsato,Matteo Gadola,Ester Hazan,Vlad Alexandru Toma,Marcello Prayer,Giovanni Martorana,Simonetta Solder,Andrea Tidona
tt0417976,Cecilia Cheung,Jang Dong-Gun,Hiroyuki Sanada,Nicholas Tse,Ye Liu,Hong Chen,Qian Po,Calvin Yu,Qian Cheng,Li Jing
tt0418455,Ulrich Thomsen,Mads Mikkelsen,Nicolas Bro,Paprika Steen,Ali Kazim,Ole Thestrup,Nikolaj Lie Kaas,Gyrd Løfquist,Lars Ranthe,Peter Reichhardt
tt0417944,Carlo Verdone,Luciana Littizzetto,Silvio Muccino,Sergio Rubini,Margherita Buy,Jasmine Trinca,Rodolfo Corsato,Dino Abbrescia,Dario Bandiera,Luis Molteni
tt0417755,Lena Lauzemis,Hilmar Thate,Rike Schmid,Arnd Klawitter,Krista Stadler,Dirk Martens,Christine Schorn,Andreas Guenther,Christiane Lemm,Armin Dillenberger
tt0418004,Aaron Eckhart,Ian McKellen,Brittany Murphy,Nick Nolte,Jessica Lange,William Hurt,Bill Bellamy,Alan Cumming,Vera Farmiga,Michael Moriarty
tt0418484,Juan Minujín,Mimí Ardú,Carlos Echevarría,Javier van de Couter,Osmar Núñez,Ricardo Merkin,Carlos Portaluppi,Bárbara Lombardo,Ricardo Moriello,Daniel Kargieman
tt0418847,Agnès Jaoui,Sarah Adler,Katia Lewkowicz,Arié Elmaleh,Sébastien Knafo,Adèle Csech,Jérémy Sitbon,Vincent Rottiers,Alexis Pivot,Max Levy
tt0418832,Lauren Lee Smith,Eric Balfour,Polly Shannon,Mayko Nguyen,Michael Facciolo,Kate Lynch,Ron White,Kristin Lehman,Don Francks,Richard Chevolleau
tt0419641,Ben Chaplin,Penélope Cruz,Ralph Fiennes,Ian Holm,Rhys Ifans,Damian Lewis,Kristin Scott Thomas,Harriet Walter,Anthony Higgins,Archie Panjabi
tt0419099,John Michael Bolger,Matthew Borish,Michael Dean,Soren Fulton,Deborah Lee Johnson,Michael E. Knight,Sammy Semenza,Aaron Fiore,Robert X. Golphin,Lou Irizarry
tt0419610,Ramón Barragán,Patricio Castillo,Lumi Cavazos,Marina de Tavira,Stephanie Durante,Evangelina Elizondo,Luis Ferrer,Adriana Fonseca,Rogelio Guerra,Plutarco Haza
tt0419992,Sanjay Suri,Juhi Chawla,Purab Kohli,Victor Banerjee,Lillete Dubey,Dipannita Sharma,Gautam Kapoor,Shayan Munshi,Peeya Rai Chowdhary,Agnivesh Barreto
tt0420289,Krystyna Janda,Matthias Habich,Dorothea Walda,Bhasker Patel,Udo Samel,Marek Kondrat,Mareike Carrière,Joachim Król,Zbigniew Zamachowski,Aleksandra Kisio
tt0421250,Danny Alexander,Hunter Parrish,Cara Seymour,John Terry,Chelsea Carlson,Justin O'Hair,Paz de la Huerta,Vann Gravage,Miles Gravage,Clay Tuck
tt0420901,John Hurt,Hugh Dancy,Dominique Horwitz,Louis Mahoney,Nicola Walker,Steve Toussaint,David Gyasi,Susan Nalwoga,Victor Power,Jack Pierce
tt0421262,Andrae Noel,Natascha Hopkins,Reynaldo Rey,Dexter Tucker,Louis Smith,Todd Bridges,Erika Arshaye,Choppa,Ron Finberg,Louis Gusemano
tt0420484,Christoph Baumann,Genoveva Mayer,Christian Ammermüller,Mira Gittner,Eva Höcherl,Olaf Krätke,Sabine Lorenz,Leander Marxer,Leander Modersohn,Karl Oliver Mayer
tt0420978,Timothy Hutton,Alessandro Nivola,Colm Meaney,Donal Gallery,Killian Morgan,Billie Traynor,Deirdre Monaghan,Brid Ni Chionaola,Frank Kelly,Donagh Deeney
tt0420886,Bastian Trost,Mehdi Nebbou,Loretta Pflaum,Gundi Ellert,Wolfgang Pregler,Charlotte Eschmann,Ludwig Bang,Masayuki Akiyoshi,Marco Schuler,Jürgen Geißendörfer
tt0420123,Kashmira Shah,Shreyas Talpade,Ayub Khan,Vijay Kadam,Javed Khan Amrohi,Kiran Kumar,Utkarsha Naik,Sulabha Arya,Akram Khan,
tt0420941,Gladys Aguayo,Awilda Carbia,Magali Carrasquillo,Kaly Cordova,Luisa de los Rios,Jonathan Dwayne,Cathy Franco,José Félix Gómez,Sara Jarque,Yezmin Luzzed
tt0420509,Ricardo Darín,Manuel Rodal,Dolores Fonzi,Mariana Malamud,Alejandro Gancé,Alejandro Awada,Andrés Gavaida,Claudio Chiaffone,José Manuel Espeche,Fernando Migueles
tt0417930,Claudio Santamaria,Vittoria Puccini,Paolo Briguglia,Johnny Dorelli,Augusto Fornari,Alessio Modica,Enrico Salimbeni,Selvaggia Quattrini,Eliana Miglio,Manuela Morabito
tt0418329,Sam Page,Natassia Malthe,David Gant,Lidea Ruth,Michael Maxwell,Roger Pera,Howard Marks,Eddie Webber,André Schneider,Louis Phillips
tt0418458,Mona Zaki,Mostafa Shaaban,Menna Shalabi,Ramez Galal,Ahmad Aql,Fayeq Azab,Tareq El-Baih,Ahmad El-Hilwani,Magda El-Khatib,Yaser Farag
tt0418511,Seymour Cassel,Elisabeth Moss,Michael Esper,Glenn Fitzgerald,Jennifer Albano,J. Smith-Cameron,Michael Zegen,Matthew Arkin,Freddie Roman,Dick Capri
tt0418345,Martin Molitor,Martin Ontrop,,,,,,,,
tt0418110,Kim Rossi Stuart,Anna Mouglalis,Pierfrancesco Favino,Claudio Santamaria,Stefano Accorsi,Riccardo Scamarcio,Jasmine Trinca,Toni Bertorelli,Gigi Angelillo,Antonello Fassari
tt0418239,Carlo Delle Piane,Valeria Bruni Tedeschi,Silvana De Santis,Filippo Trojano,Martin Compston,Gary Maitland,William Ruane,Blerta Cahani,Klajdi Qorraj,Aishe Gjuriqi
tt0420577,Isabel Santos,Jorge Ortiz Sánchez,Paola Ríos,José Véliz,Bismark Virhuez,Soledad Ardaya,Jorge Jamarlli,Mario Pérez Umaña,Elia Arteaga,Jhon Sejas
tt0418647,Kurt Russell,Dakota Fanning,Oded Fehr,Kris Kristofferson,Elisabeth Shue,David Morse,Freddy Rodríguez,Luis Guzmán,Ken Howard,Holmes Osborne
tt0418763,Jake Gyllenhaal,Jamie Foxx,Lucas Black,Scott MacDonald,Peter Sarsgaard,Ming Lo,Kevin Foster,Brian Geraghty,Damion Poitier,Riad Galayini
tt0418625,Sue Birch,Rebecca Bustamante,Draper Mark Forte,Harry Goaz,Jeff Griffin,Grant James,Renée Kelly,Alana Macias,Lydia Miller,Bill Sebastian
tt0419945,Alejandro Calva,Luis Gerardo Méndez,José Carlos Femat,Ana Paula Corpus,Tizoc Arroyo,Enrique Cortés Bertrand,Silvia Carusillo,Hernan Del Riego,Yuriria del Valle,Grisele Hernández
tt0420015,Kathy Baker,Amy Brenneman,Glenn Close,LisaGay Hamilton,Elpidia Carrillo,Aomawa Baker,Miguel Sandoval,Mary Pat Dowhy,Andy Umberger,K Callan
tt0419294,Tommy Lee Jones,Barry Pepper,Dwight Yoakam,January Jones,Julio Cesar Cedillo,Melissa Leo,Levon Helm,Mel Rodriguez,Cecilia Suárez,Ignacio Guadalupe
tt0419673,Disiz,Béatrice Dalle,Alex Descas,Vincent Elbaz,Jean-Pierre Cassel,Simon Abkarian,Léa Drucker,Edouard Montoute,Simon Buret,Adrien Saint-Joré
tt0418773,Embeth Davidtz,Alessandro Nivola,David Kuhn,Alicia Van Couvering,Jerry Minor,Matt Besser,Will Oldham,Frank Hoyt Taylor,Scott Wilson,Ben McKenzie
tt0419722,Paul Anthony,Brendan Fletcher,Clarence Sponagle,Mark Hildreth,Carly Pope,David Beazely,Thea Gill,Alan Cumming,Ian McKellen,Serge Houde
tt0419773,Julia Hummer,Sabine Timoteo,Marianne Basler,Aurélien Recoing,Benno Fürmann,Anna Schudt,Claudia Geisler-Bading,Philipp Hauß,Victoria Trauttmansdorff,Peter Kurth
tt0419922,Sean Maher,Jaime Ray Newman,Janet Carroll,Stephen Tobolowsky,John Getz,Kathleen Rose Perkins,Tamara Tohill,Tricia Small,Sile Bermingham,Jacqueline Britton
tt0419663,Edward Furlong,Daniel Franzese,Andrew Keegan,Susan Ward,Sanoe Lake,Laura Ramsey,Aimee Garcia,Joel Michaely,Nate Parker,Nicole Bilderback
tt0419499,Tabu,Milind Soman,J.V. Somayajulu,Hema Malini,Ashok Kaul,Mahima Chaudhry,Somayajulu,,,
tt0419256,Nicholas Hoult,Miranda Richardson,Emily Watson,Gabriel Byrne,Julie Walters,Zac Fox,Celia Imrie,Julian Wadham,Fenella Woolgar,John Matshikiza
tt0420216,Mikael Birkkjær,Susanne Storm,Peter Steen,Asger Reher,Marina Bouras,Lars Lunøe,Jesper Vigant,Mogens Christoffersen,Jacob Dinesen,Mikkel Find
tt0419934,Bujar Lako,Arta Dobroshi,Alban Ukaj,Timo Flloko,Mariana Deti,Ele Bardha,Luan Bexheti,,,
tt0420231,Frank Langella,Laura Allen,Bruce Marshall Romans,Kevin Butler,David S. Jung,Kiersten Van Horne,Bill McNulty,Laura Elton,Pacey Liz Walker,Eddie Ball
tt0419708,Tizoc Arroyo,Derik Dean,Rogelio Guerra,Jesús Hernández,Emmanuel Medina,Manuel Medina,José Juan Meraz,Grecia Rodriguez,María Rojo,
tt0419198,Roberto Benigni,Jean Reno,Nicoletta Braschi,Tom Waits,Emilia Fox,Gianfranco Varetto,Giuseppe Battiston,Lucia Poli,Chiara Pirri,Anna Pirri
tt0420897,Valeria Golino,Marco Grieco,Andrea Renzi,Imma Villa,Emanuele Annunziata,Anita Caprioli,Rosaria De Cicco,Rosalba Di Girolamo,Nunzio Gallo,Sergio Longobardi
tt0419881,Anton Lundqvist,Jesper Adefelt,Jonas Karlsson,Johan H:son Kjellgren,Donald Högberg,Helena Af Sandeberg,Anders Berg,Anders Ahlbom Rosendahl,Leif Andrée,Cecilia Nilsson
tt0420341,Dragan Nikolic,Bogdan Diklic,Sasa Joksimovic,Maja Mandzuka,Jelena Djokic,Milan Kalinic,Rade Cosic,Dejan Jajcanin,Ivan Bekjarev,Vojin Cetkovic
tt0420304,Amitabh Bachchan,Sharmila Tagore,John Abraham,Sanjay Dutt,Anusha Dhandekar,Prem Chopra,Sharat Saxena,Beena Banerjee,Shivaji Satam,Sachin Khedekar
tt0421224,Florian Bartholomäi,Falk Rockstroh,Christine Diensberg,Ali Hassan,Errol Shaker,Isabelle Mbarga,Adrian Topol,Tim Morten Uhlenbrock,Christoph Gerber,Petra Hartung
tt0421088,Anthony Iafolla,Jennifer Walker,Karla Shantz,C.J. Keller,Jessica Fooks,Carly Abbott,Douglas Beaver,Melissa Black,Preston Brooks,Kym Cohen
tt0421275,Jamila Anderson,Mimi Ayers,Inny Clemons,James Craven,Herschel McPherson,Christian Payton,Karin Smith,Marie-Françoise Theodore,,
tt0421238,Ray Winstone,Guy Pearce,Emily Watson,Richard Wilson,Noah Taylor,Jeremy Madrona,Jae Mamuyac,Mick Roughan,Shane Watt,Robert Morgan
tt0420134,Douglas Smith,Kevin Phillips,Christopher Innvar,Sam Oz Stone,Jas Anderson,Reginald Footman,John Doman,Karen Tsen Lee,Joanna HartsHorne,Kim Brockington
tt0420740,María Fernández Ache,Kharl Anton Leigh,Peter Coyote,Forest Whitaker,Juan Carlos Pardo Pardo,Damon Younger,Jeremy Renner,Joanna Scanlan,Iddo Goldberg,Philip Jackson
tt0421625,Altan Erkekli,Özgü Namal,Mehmet Günsür,Erkan Can,Çetin Tekindor,Azra Akin,Nejat Isler,Vahide Perçin,Hilal Arslan,Yelda Reynaud
tt0420555,Monica Bellucci,Bernard Campan,Gérard Depardieu,Jean-Pierre Darroussin,Edouard Baer,Farida Rahouadj,Sara Forestier,Michel Vuillermoz,François Rollin,Jean Barney
tt0421068,Nikola Kojo,Labina Mitevska,Petar Mircevski,Vesna Petrushevska,Vladimir Endrovski,Emil Ruben,Gjuner Ismail,Bedija Begovska,Risto Gogovski,Dime Ilijev
tt0421054,Keira Knightley,Mickey Rourke,Edgar Ramírez,Rizz Abbasi,Delroy Lindo,Mo'Nique,Ian Ziering,Brian Austin Green,Joe Nunez,Macy Gray
tt0420136,Gonzalo Heredia,Mariana Anghileri,Rafael Ferro,Darío Tripicchio,Gregory Dayton,Susana Varela,Román Chaploski,Jana Bokova,Diego Cunill,Diego Trerotola
tt0421947,Sven Wollter,Peter Andersson,Eva Rexed,Thomas Hanzon,Tobias Aspelin,Sven Angleflod,Kajsa Reingardt,Josef Säterhagen,Frida Westerdahl,Chatarina Larsson
tt0421994,Piper Perabo,Lena Headey,Matthew Goode,Celia Imrie,Anthony Head,Darren Boyd,Sue Johnston,Boo Jackson,Sharon Horgan,Eva Birthistle
tt0421229,Joan Plowright,Rupert Friend,Zoë Tapper,Robert Lang,Marcia Warren,Anna Massey,Georgina Hale,Millicent Martin,Michael Culkin,Emma Davidson
tt0420884,Olivier Gourmet,Dominique Blanc,Julie Depardieu,Marion Cotillard,Jeffrey Barbeau,Jean-Michel Portal,Jean-Marie Winling,Pascal Elso,François Levantal,Guy Lecluyse
tt0422072,Isild Le Besco,Émilie Dequenne,Grégoire Colin,Anémone,Frédéric Pierrot,Bernard Blancan,Christian Gasc,Aude Briant,Bernard Nissile,Claudie Guillot
tt0422133,Johan Libéreau,Salomé Stévenin,Florence Thomassin,Jean-Philippe Écoffey,Claire Nebout,Aurélien Recoing,Pierre Perrier,Denis Falgoux,Magali Woch,Camille Japy
tt0421998,Ignacio Rogers,Santiago Pedrero,Manuela Martelli,Carlos Echevarría,Joaquín Valdés,Guillermo Pfening,Leonardo Azamor,Antonella Costa,Jean Pierre Reguerraz,Blanca Lewin
tt0422015,José Garcia,Karin Viard,Geordy Couturiau,Ulrich Tukur,Christa Théret,Olivier Gourmet,Yvon Back,Thierry Hancisse,Olga Grumberg,Yolande Moreau
tt0422093,Kimberly Elise,Steve Harris,Tyler Perry,Cicely Tyson,Shemar Moore,Lisa Marcos,Tamara Taylor,Terrell Carter,Carol Mitchell-Leon,Avery Knight
tt0422085,Carlos Bardem,Isabel del Toro,Fernando Epelde,Javier Gurruchaga,Miquel Insua,Beatriz Rico,José Rodríguez,Víctor Rueda,José Sancho,
tt0422458,Kris Lemche,Michael Hogan,Matt Craven,Pascale Hutton,Sarah Lind,Birkett Turton,Michael Robinson,Petra Hartley,Hank Hastings,Ben Cotton
tt0422229,Fathi Abdulwahhab,Lebleba,Yasmin Abdulaziz,Sami El-Adl,Saber Abdullah,Ahmed Akl,Hajjaj Abdul Azim,Muhammad Dardiri,Ehab El Ashry,Farida Elgready
tt0422460,Hülya Avsar,Vildan Atasever,Feride Çetin,Sezgi Mengi,Gönen Bozbey,Tugçe Tamer,Savas Akova,Ipek Bilgin,Yesim Ceren Bozoglu,Can Kolukisa
tt0422634,Marcelle Arriëns,Tjeerd Bischoff,Hunter Bussemaker,Marcel Faber,Monic Hendrickx,Damien Hope,Melody Klaver,Bart Klever,Stijn Koomen,Hadewych Minis
tt0422719,Jean-Benoît Ugeux,Dolores Bouckaert,Rodolphe Coster,Didier De Neck,Marie Lecomte,Simonne Moesen,Jean Ségani,Wayn Traub,Hilde Wils,
tt0422708,Ahmed Ezz,Ghadah Adel,Khaled Saleh,Nour,Muhammad Ragab,Riham Abdel Ghafour,Mahmoud Abdulmoghni,Khaled Zaki,Sameh El-Sereety,Sandy Ali
tt0422910,Dick Valentine,Lindsay Beamish,James Intveld,Kevin Myers,Joe King,Dean Pearl,Joe Rosenast,Vick Sabian,Jared Santinelli,
tt0423061,Lenka Krobotová,Filip Capka,Anna Polívková,Václav Jirácek,Hana Seidlová,Marko Igonda,Tomás Pavelka,Iva Pazderková,Kostas Zerdolaglu,Jan Révai
tt0424025,David Moscow,Shiva Rose,Peter Van Wagner,Polly Adams,Callie Thorne,Will Janowitz,Alexander Blaise,Ed Chemaly,Anna George,Ken Kliban
tt0424840,Poppy Montgomery,Adam Kaufman,J.R. Yenque,Danny Pino,Patricia Reyes Spíndola,Alana Stewart,Lola Sanabria,Rene Pereyra,Rebecca Isabel Torres,Victor Michell Fernandez B.
tt0425548,Jenna Elfman,Randall Batinkoff,Samantha Mathis,Bruce Davison,Diane Venora,Mina Badie,Sam Anderson,Kimberly Scott,Frederick Koehler,Charlie Lea
tt0425979,Sylvie Moreau,Macha Grenon,Juliette Gosselin,Mylène St-Sauveur,Micheline Lanctôt,Patricia Nolin,Paul Savoie,Vincent Graton,Emily Holmes,Xavier Morin-Lefort
tt0425079,Meltem Cumbul,Sener Sen,Timuçin Esen,Güven Kiraç,Devin Özgür Çinar,Erdal Tosun,Sümer Tilmaç,Ecenaz Kiziltan,Kayacan Akarsu,Leyla Akarsu
tt0425166,Alix Maria Taulbee,Andrew Kranz,Robert Bizik,Sonny Vellozzi,Benjamin Ross Kaplan,Ann Bizik,Bill Chiarocci,Anthony Dacunha,Bernard Fiscus,Wendy Foster
tt0425236,Juliette Binoche,Forest Whitaker,Matthew Modine,Marion Cotillard,Stefania Rocca,Heather Graham,Marco Leonardi,Luca Lionello,Mario Opinato,Elio Germano
tt0426395,Helen Rule,Colton Sears,Katherine Drake,Sally Crooks,Sarah Crooks,Rebecca Haydon,Lester Knight,,,
tt0423514,Christopher Masterson,Jake Muxworthy,Jon Gries,Christopher Berry,Ajay Naidu,Mageina Tovah,Shabana Azmi,Lindsay Price,Clara Smyth,Noah Segan
tt0425414,Aaron Stanford,Robin Tunney,Peter Gerety,Melissa Leo,Michael Gaston,Zach Savage,Terry Kinney,Jennifer Dempster,Anthony Corrado,Robert Grcywa
tt0423370,Rosario Dawson,Nathan Crooker,Amy Redford,Brett DelBuono,Brendan Sexton III,Immortal Technique,Robert Bella,Cynthia Garrett,Ned Silverman,Brett Berg
tt0423441,François Cluzet,Grégoire Colin,Christian Colin,Julie Delarme,Robert Florentin Ilie,Laurence Cordier,Julien Honoré,Marianne Denicourt,Edith Scob,Silviu Biris
tt0423382,Josefin Neldén,Cecilia Wallin,Malin Morgan,Johanna Strömberg,Joel Kinnaman,Kjell Bergqvist,Morgan Alling,Ralph Carlsson,Markus Holmberg,Fyr Thorvald Strömberg
tt0423442,Charlotte Gainsbourg,Daniel Auteuil,Nathalie Baye,Pierre Arditi,Miou-Miou,Laure Duthilleul,Aïssa Maïga,Noémie Lvovsky,Nicolas Lebovici,Nicolas Choyé
tt0423841,Alexandra Lamy,Clovis Cornillac,Juliette Roudet,Jerome Rudes,Rastko Jankovic,Charlotte Nguyen,Marie-Christine Adam,Mini Anden,Karina Marimon,Agathe Teyssier
tt0424817,Ali Poyrazoglu,Sanem Çelik,Memet Ali Alabora,Metin Belgin,Eser Ali Yildirim,Mustafa Alabora,Katerina Moutsatsou,Hikmet Körmükçü,Özdemir Çiftçioglu,Turgay Tanülkü
tt0424965,Peter Gantzler,Micky Skeel Hansen,Benjamin Boe Rasmussen,Nastja Arcel,Heidi Holm Katzenelson,Lars Lunøe,Jesper Lohmann,Jens Bo Jørgensen,Peter Schrøder,Sarah Boberg
tt0424136,Patrick Wilson,Elliot Page,Sandra Oh,Odessa Rae,G.J. Echternkamp,Cori Bright,,,,
tt0424205,Diane Kruger,Benno Fürmann,Guillaume Canet,Natalie Dessay,Rolando Villazón,Gary Lewis,Dany Boon,Daniel Brühl,Lucas Belvaux,Alex Ferns
tt0425137,Olympia Dukakis,Alexandra Eitel,Thomas Flanagan,Carlin Glynn,Lainie Kazan,Denise Lute,Mario Macaluso,David Margulies,Mary Stuart Masterson,Gary Swanson
tt0424270,John Abiskaron,Andrew Archibeque,Justin Bilancieri,Greg Carlson,Yvette Ciaramilaro,Affion Crockett,Brian Groh,La Trice Harper,Cassandra Hepburn,Meng Johnson
tt0425743,Curtis Morgan,Zan Calabretta,Jordan Brown,Eddie Della Siepe,Paul Sturino,Ben Gilbank,Shaun Taylor,Brett Ryan,Philippe Buckland,Michael Belisaro
tt0425659,Jessica Bohl,Richard Brundage,Keith Herron,Eric Deskin,Bruce Koken,Amy Brienes,James Ellsworth,Gail Herendeen,Tate Ellington,Chester Jones III
tt0425126,Bojan Marovic,Dragan Nikolic,Natasa Ninkovic,Branimir Popovic,Dejan Ivanic,Marina Savic,Milan 'Lane' Gutovic,Varja Djukic,Janko Djurdjic,
tt0424971,Jesper Christensen,Pernilla August,Beate Bille,Charlotte Fich,Thomas Voss,Michael Moritzen,Vivian Nielsen,Mads Wille,Jan Meyer,Jesper Hyldegaard
tt0424875,Mako,Kheng Hua Tan,Zelda Rubinstein,Govardhan Asrani,Dickson Tan,Bobby Tonelli,,,,
tt0425379,Zlatko Buric,Marinela Dekic,Slavko Labovic,Ramadan Huseini,Ilyas Agac,Kujtim Loki,Vasilije Bojicic,Levino Jensen,Marek Magierecki,Sven Erik Eskeland Larsen
tt0426077,Grace Kosaka,Frank S. Alonzi,Larry Bain,Jessica Bannon,Valerie Buhagiar,Brad Bunn,Dmitry Chepovetsky,Kira Clavell,Christopher Cordell,Richard S. Jones
tt0426192,Miou-Miou,Elie Semoun,Vahina Giocante,Mathieu Simonet,Antoine Basler,Franc Bruneau,Geraldinha de Brilo,Stéphane Mélis,Aymeline Valade,Jérémy Lopez
tt0424999,Christopher Lloyd,Peter Facinelli,Leslie Zemeckis,,,,,,,
tt0426627,Leo Gregory,Paddy Considine,David Morrissey,Ben Whishaw,Tuva Novotny,Amelia Warner,Monet Mazur,Luke de Woolfson,David Walliams,David Williams
tt0426214,Emma de Caunes,Rade Serbedzija,Cosma Shiva Hagen,Jack Dee,Paul Kaye,Vanessa Redgrave,John Hurt,Shashi Rami,Tatiana Ouliankina,Vincent Fegan
tt0426097,Leonardo Medeiros,Juliana Carneiro da Cunha,Fábio Sabag,Jean Pierre Noher,Zózimo Bulbul,Amir Haddad,Emílio de Mello,Murilo Grossi,Rui Resende,Fabiano Costa
tt0426162,Enrique Liporace,Roly Serrano,Alejandro Awada,Viviana Sáez,Mariana Vidal,Juan Manuel Gabarra,,,,
tt0426615,Usher,Chazz Palminteri,Emmanuelle Chriqui,Robert Costanzo,Robert Davi,Matt Gerald,Anthony Fazio,Geoff Stults,Chris Tardio,Kevin Hart
tt0425333,Ferhan Sensoy,Rasim Öztekin,Ali Çatalbas,Bülent Kayabas,Zeki Alasya,Erol Günaydin,Sahnaz Çakiralp,Levent Ünsal,Sermiyan Midyat,Celal Belgil
tt0426204,Darío Grandinetti,Álex González,Eva Marciel,Laura Aparicio,Alberto Ferreiro,Maru Valdivielso,Pepo Oliva,Francesc Orella,Mariano Peña,Gustavo Greciano
tt0425057,Feridun Düzagaç,Yelda Reynaud,Yigit Özsener,Nihat Odabasi,Nail Kirmizigül,Yasemin Öztürk,Emin Gümüskaya,Istar Gökseven,Mehtap Bayri,Demir Karahan
tt0425202,Heike Makatsch,Wotan Wilke Möhring,Katharina Schmalenberg,Ivan Shvedoff,Bernhard Marsch,Piet Fuchs,Valeria Risi,Wieslawa Wesolowska,Lars Gärtner,Kerry Stacey
tt0426515,Lina Giornofelice,Alvaro D'Antonio,Leslie Carlson,Paul Bettis,Shaun Austin-Olsen,Keith Knight,Domenico Fiore,Bill Yak,Deborah Lobban,Salvatore Antonio
tt0425600,Robin Wright,Abdellatif Kechiche,Élodie Bouchez,Aasif Mandvi,Sandra Oh,Starla Benford,Remy K. Selma,Makani Rietveld,Fred Durst,Rich Monahan
tt0424789,Ulrich Thomsen,Helena Christensen,Henning Moritzen,Niels Skousen,Ellen Hillingsø,Nicolas Bro,Ida Dwinger,Benedikte Hansen,Svetoslav Korolev,Tommy Kenter
tt0425055,Michael Keaton,Robert Downey Jr.,Griffin Dunne,Ari Graynor,Bebe Neuwirth,Shalom Harlow,Nadia Dajani,Harris Yulin,Roger Rees,Tom Aldredge
tt0425186,Jacqueline Bisset,Hannah Taylor Gordon,Natalia Tena,Anna Maguire,Anya Lahiri,Emily Pimm,Mary Nighy,Urbano Barberini,Silvia De Santis,Eva Grimaldi
tt0426578,Julia Jentsch,Fabian Hinrichs,Alexander Held,Johanna Gastdorf,André Hennicke,Florian Stetter,Maximilian Brückner,Johannes Suhm,Lilli Jung,Klaus Händl
tt0426331,Andrés García,Cecilia Gabriela,Mariana Ávila,Ricardo Reynaud,Elizabeth Valdez,Melissa Perea,Juan Pablo Medina,Paola Hinojos,David Galindo,Miguel Rodarte
tt0426470,Mario Drmac,Tarik Filipovic,Rade Serbedzija,Mirjana Karanovic,Haris Burina,Jeanne Moreau,Nermin Tulic,Almedin Leleta,Almir Kurt,Milan Pavlovic
tt0425123,Reese Witherspoon,Mark Ruffalo,Donal Logue,Dina Spybey-Waters,Ben Shenkman,Jon Heder,Ivana Milicevic,Caroline Aaron,Rosalind Chao,Ron Canada
tt0425295,Craig Ferguson,Peter Keleghan,Damir Andrei,Wendy Crewson,Anna Friel,Kris Holden-Ried,Kevin Pollak,Caroline Dhavernas,Catherine Fitch,Tom Barnett
tt0427047,Titoff,Marion Cotillard,Richard Bohringer,Bérénice Bejo,Laurent Bateau,Vincent Martinez,Bruno Todeschini,Stéphan Guérin-Tillié,Axelle Laffont,María Jurado
tt0427341,Jeffery Keilholtz,Jon Liddiard,Douglas Cathro,Amber Davila,Mike Hotovy,Madalyn Loughlin,Mary Hotovy,Wendy Loughlin,Christine Maisano,Marsha O'Connor
tt0427005,Go Go Jean Michel Francis,Tuva Novotny,Tonya Graves,Petr Vanek,Lívia Bielovic,Karl Clark,Arnost Goldflam,Curtis Jones,Lucia Luzinská,Ivo Niederle
tt0427208,Müjde Ar,Nurgül Yesilçay,Onur Ünsal,Füsun Demirel,Sevket Çoruh,Metin Akpinar,Eylem Yildiz,Pinar Ögün,Mehmet Esen,Esra Aymutlu
tt0427048,Carlos Esteban Fonseca,Kamar de los Reyes,Gerardo Rodríguez,Idalia Pérez Garay,Roselyn Sanchez,Daniaris Rodríguez,José Félix Gómez,Ivan Camilo,Joshua Rosado-Berrios,Ineabelle Colón
tt0427469,Fann Wong,Shaun Tam,Ivy Yin,Hsing Lee,Fu Lin,Allen Chang,Ting Chao,Vicki Cheng,Gordon Chuang,Felicity Hsu
tt0427944,Aaron Eckhart,Cameron Bright,Maria Bello,Joan Lunden,Eric Haberman,Mary Jo Smith,Todd Louiso,Jeff Witzke,J.K. Simmons,Marianne Muellerleile
tt0427906,Björn Hlynur Haraldsson,Helgi Björnsson,Arnmundur Ernst Björnsson,Lilja Nótt Þórarinsdóttir,Sigurður Skúlason,Lilja Guðrún Þorvaldsdóttir,Jón Atli Jónasson,Björk Jakobsdóttir,Damon Younger,Erlendur Eiríksson
tt0427910,Christopher M. Clark,Taylor Coffman,Sean Galdo,Christopher Gillespie,James M. Hausler,Keeley Hommel,James Keegan,Eco Lopez,David Lubinsky,Michael Mandell
tt0427954,Tony Jaa,Nathan Jones,Xing Jin,Phetthai Vongkumlao,Bongkoj Khongmalai,Johnny Tri Nguyen,Lateef Crowder,Jon Foo,Damian de Montemas,David Asavanond
tt0427650,Piper Perabo,Heather Burns,Mark Dobies,Aunjanue Ellis-Taylor,Carolina Hoyos,Mary Beth Hurt,Seth Meyers,Kate Mulgrew,Ajay Naidu,David Rasche
tt0427582,Eduardo Noriega,Najwa Nimri,Eduard Fernández,Pablo Echarri,Ernesto Alterio,Carmelo Gómez,Adriana Ozores,Natalia Verbeke,,
tt0427914,Laura Birn,Karoliina Vanne,Hanna Lekander,Pertti Sveholm,Miitta Sorvali,Juhani Laitala,Hannele Laaksonen,Turkka Mastomäki,Hannes Suominen,Pekka Huotari
